videoId,textDisplay,textOriginal,likeCount,publishedAt,updatedAt
ppVPgoiDRdU,ã‚¿ã‚¤ãƒ¤ã«ã¤ã„ã¦ã¯å¤§å¾„åŒ–ã«ã‚ˆã‚‹æŽ¥åœ°é•·ã®æ‹¡å¤§ã§ã€ã‚°ãƒªãƒƒãƒ—æ€§èƒ½ã¯ã‚«ãƒãƒ¼ã•ã‚Œæ“ç¸¦å®‰å®šæ€§ã‚‚ä¸ŠãŒã‚‹ã¨ã„ã†ãƒ–ãƒªãƒ‚ã‚¹ãƒˆãƒ³ã®æŠ€è¡“ã§ã™ã€‚ä»Šå›žã®ãƒ—ãƒªã‚¦ã‚¹ã®ã‚¿ã‚¤ãƒ¤ã«ã¤ã„ã¦ã®æ³¨æ„ç‚¹ã¯ã€æ€§èƒ½ã§ã¯ãªãã€ç‰¹æ®Šã‚µã‚¤ã‚ºã§ã‚ã‚‹ãŒãŸã‚ã®äº¤æ›æ™‚ã®ã‚³ã‚¹ãƒˆã‚¢ãƒƒãƒ—ã§ã™ã€‚,"ã‚¿ã‚¤ãƒ¤ã«ã¤ã„ã¦ã¯å¤§å¾„åŒ–ã«ã‚ˆã‚‹æŽ¥åœ°é•·ã®æ‹¡å¤§ã§ã€ã‚°ãƒªãƒƒãƒ—æ€§èƒ½ã¯ã‚«ãƒãƒ¼ã•ã‚Œæ“ç¸¦å®‰å®šæ€§ã‚‚ä¸ŠãŒã‚‹ã¨ã„ã†ãƒ–ãƒªãƒ‚ã‚¹ãƒˆãƒ³ã®æŠ€è¡“ã§ã™ã€‚
ä»Šå›žã®ãƒ—ãƒªã‚¦ã‚¹ã®ã‚¿ã‚¤ãƒ¤ã«ã¤ã„ã¦ã®æ³¨æ„ç‚¹ã¯ã€æ€§èƒ½ã§ã¯ãªãã€ç‰¹æ®Šã‚µã‚¤ã‚ºã§ã‚ã‚‹ãŒãŸã‚ã®äº¤æ›æ™‚ã®ã‚³ã‚¹ãƒˆã‚¢ãƒƒãƒ—ã§ã™ã€‚",19,2023-01-29T08:37:15Z,2023-01-29T08:37:15Z
ppVPgoiDRdU,åˆæœŸå°è±¡ã¯ã‚„ã¯ã‚Šè¡æ’ƒçš„ã§è¡å‹•è²·ã„ã—ãã†ã§ã—ãŸãŒå†·é™ã«æƒ…å ±è¦‹ã¦ã„ãã¨å¾ŒæœŸåž‹ã¾ã§æ§˜å­è¦‹ã‚ˆã†ã‹ãªã¦åˆ¤æ–­ã«ãªã‚Šã¾ã—ãŸâ˜º50å¾ŒæœŸã¯ä»Šã§ã‚‚å¥½ãã§ã™,"åˆæœŸå°è±¡ã¯ã‚„ã¯ã‚Šè¡æ’ƒçš„ã§è¡å‹•è²·ã„ã—ãã†ã§ã—ãŸãŒå†·é™ã«æƒ…å ±è¦‹ã¦ã„ãã¨
å¾ŒæœŸåž‹ã¾ã§æ§˜å­è¦‹ã‚ˆã†ã‹ãªã¦åˆ¤æ–­ã«ãªã‚Šã¾ã—ãŸâ˜º50å¾ŒæœŸã¯ä»Šã§ã‚‚å¥½ãã§ã™",1,2023-02-13T13:52:24Z,2023-02-13T13:52:24Z
ppVPgoiDRdU,ä¸€ç•ªãƒ€ãƒ¡ãªã®ã¯ç´è»Šã¾ã§ãŒé•·ã™ãŽã‚‹ã“ã¨(âˆ‹_âˆˆ),ä¸€ç•ªãƒ€ãƒ¡ãªã®ã¯ç´è»Šã¾ã§ãŒé•·ã™ãŽã‚‹ã“ã¨(âˆ‹_âˆˆ),24,2023-01-28T12:47:55Z,2023-01-28T12:47:55Z
ppVPgoiDRdU,Aãƒ”ãƒ©ãƒ¼ã®å¤ªã•ã«ã‚ˆã‚‹è¦–ç•Œæ‚ªåŒ–ã¨ã‚·ãƒ•ãƒˆæ“ä½œãŒå…ˆä»£åŒæ§˜ã¨ã„ã†äº‹ã§æ“ä½œãƒŸã‚¹ã®äº‹æ•…ã¯æ¸›ã‚‰ãªã„ã®ã‹ãªã€‚ã‚€ã—ã‚ãƒ¡ãƒ¼ã‚¿ãƒ¼ã‚‚è¦‹ãšã‚‰ããªã£ã¦æ›´ã«äº‹æ•…ãŒå¢—ãˆãªãã‚ƒã„ã„ã‘ã©,Aãƒ”ãƒ©ãƒ¼ã®å¤ªã•ã«ã‚ˆã‚‹è¦–ç•Œæ‚ªåŒ–ã¨ã‚·ãƒ•ãƒˆæ“ä½œãŒå…ˆä»£åŒæ§˜ã¨ã„ã†äº‹ã§æ“ä½œãƒŸã‚¹ã®äº‹æ•…ã¯æ¸›ã‚‰ãªã„ã®ã‹ãªã€‚ã‚€ã—ã‚ãƒ¡ãƒ¼ã‚¿ãƒ¼ã‚‚è¦‹ãšã‚‰ããªã£ã¦æ›´ã«äº‹æ•…ãŒå¢—ãˆãªãã‚ƒã„ã„ã‘ã©,9,2023-01-26T21:17:05Z,2023-01-26T21:17:05Z
ppVPgoiDRdU,ã‚¿ã‚¤ãƒ¤å¹…ãŒç‹­ãã¦ã‚‚å¤§å¾„åŒ–ã§å‰å¾Œã®æŽ¥åœ°é¢ç©ã‚’ç¨¼ãŽå‡ºã™VWã§ã‚‚è¦‹ã‚‰ã‚ŒãŸæ–°ã—ã„è€ƒãˆæ–¹ã«ã‚ˆã‚‹ã‚‚ã®ã§ã‚°ãƒªãƒƒãƒ—æ€§èƒ½ã¯è½ã¡ã¦ãªã„ã‚ˆã†ã§ã™ã€‚ãã‚Œã‚ˆã‚Šã‚‚ç©ºåŠ›ã®é¢æŠµæŠ—ã®æ¸›ã€ã‚¦ã‚§ãƒƒãƒˆè·¯é¢ã§ã®ã‚°ãƒªãƒƒãƒ—ã¯å¹…åºƒã‚¿ã‚¤ãƒ¤ã‚ˆã‚Šã‚‚æŽ’æ°´æ€§ã«å„ªã‚Œã¦è‰¯ã„ã¨ã®ã“ã¨ã€‚ã‚¿ã‚¤ãƒ¤äº¤æ›æ™‚ã®è²»ç”¨ãŒé«˜ãã†ã§æ€–ã„ã§ã™ãŒã‚¿ã‚¤ãƒ¤ãƒ¡ãƒ¼ã‚«ãƒ¼ã‹ã‚‰ç¨®é¡žãŒå¤šãæä¾›ã•ã‚Œã‚‹ã‚ˆã†ã«ãªã‚Œã°å®‰ããªã‚‹ã‹ã‚‚ï½¥ï½¥ï½¥æœŸå¾…å¾…ã¡ã§ã™ã­ã€‚,ã‚¿ã‚¤ãƒ¤å¹…ãŒç‹­ãã¦ã‚‚å¤§å¾„åŒ–ã§å‰å¾Œã®æŽ¥åœ°é¢ç©ã‚’ç¨¼ãŽå‡ºã™VWã§ã‚‚è¦‹ã‚‰ã‚ŒãŸæ–°ã—ã„è€ƒãˆæ–¹ã«ã‚ˆã‚‹ã‚‚ã®ã§ã‚°ãƒªãƒƒãƒ—æ€§èƒ½ã¯è½ã¡ã¦ãªã„ã‚ˆã†ã§ã™ã€‚ãã‚Œã‚ˆã‚Šã‚‚ç©ºåŠ›ã®é¢æŠµæŠ—ã®æ¸›ã€ã‚¦ã‚§ãƒƒãƒˆè·¯é¢ã§ã®ã‚°ãƒªãƒƒãƒ—ã¯å¹…åºƒã‚¿ã‚¤ãƒ¤ã‚ˆã‚Šã‚‚æŽ’æ°´æ€§ã«å„ªã‚Œã¦è‰¯ã„ã¨ã®ã“ã¨ã€‚ã‚¿ã‚¤ãƒ¤äº¤æ›æ™‚ã®è²»ç”¨ãŒé«˜ãã†ã§æ€–ã„ã§ã™ãŒã‚¿ã‚¤ãƒ¤ãƒ¡ãƒ¼ã‚«ãƒ¼ã‹ã‚‰ç¨®é¡žãŒå¤šãæä¾›ã•ã‚Œã‚‹ã‚ˆã†ã«ãªã‚Œã°å®‰ããªã‚‹ã‹ã‚‚ï½¥ï½¥ï½¥æœŸå¾…å¾…ã¡ã§ã™ã­ã€‚,22,2023-01-20T20:51:39Z,2023-01-20T20:51:39Z
ppVPgoiDRdU,æœ€å¤§ã®æ¬ ç‚¹ã¯ã‚·ãƒ«ãƒãƒ¼ãƒ¡ã‚¿ãƒªãƒƒã‚¯ãŒXã‚°ãƒ¬ãƒ¼ãƒ‰ã®ã¿ã®äº‹ï¼ï¼ä½•ã§ãã‚“ãªäº‹ã™ã‚‹ã®ã‹ç†è§£ä¸èƒ½(>_<),æœ€å¤§ã®æ¬ ç‚¹ã¯ã‚·ãƒ«ãƒãƒ¼ãƒ¡ã‚¿ãƒªãƒƒã‚¯ãŒXã‚°ãƒ¬ãƒ¼ãƒ‰ã®ã¿ã®äº‹ï¼ï¼ä½•ã§ãã‚“ãªäº‹ã™ã‚‹ã®ã‹ç†è§£ä¸èƒ½(>_<),6,2023-02-03T06:36:04Z,2023-02-03T06:36:04Z
ppVPgoiDRdU,ãƒ‡ãƒ¡ãƒªãƒƒãƒˆã‹ã‚‰å…ˆã«å‹•ç”»ã«ã™ã‚‹ã£ã¦ã€ã¨ã¦ã‚‚è‰¯ã„ã¨æ€ã„ã¾ã™ã€‚æ–°åž‹ãƒ—ãƒªã‚¦ã‚¹ã€ï¼‘ï¼™ã‚¤ãƒ³ãƒã®ï¼¦ï¼¦ã®ï¼ºã‚°ãƒ¬ãƒ¼ãƒ‰ã§ã—ãŸãŒãŒã€è©¦ä¹—ã—ã¦ãã¾ã—ãŸã‚ˆã€‚ç¢ºã‹ã«å¾Œå¸­ã®ä¹—ã‚Šè¾¼ã¿ã€äºˆæƒ³ã©ãŠã‚Šã‘ã£ã“ã†å¤§å¤‰ã§åŒã˜èº«é•·ã§ã‚‚ä½“ã®ç¡¬ã„ç”·æ€§ã¯ã‚„ã¯ã‚Šé ­ã‚’ã¶ã¤ã‘ã‚‹ãã†ã§ã™ãŒã€å¥³æ€§ã¯ä½“ãŒæŸ”ã‚‰ã‹ã„ã®ã§ã€æ®†ã©ã¶ã¤ã‹ã‚‰ãªã„ãã†ã§ã™ã‚ˆï¼ˆã‚¹ã‚¿ãƒƒãƒ•å…¨å“¡ã§è©¦ã—ãŸãã†ã§ï¼‰ã€‚ãã‚Œã§ã€å…ˆãšè‡ªåˆ†ã§é‹è»¢ã—ãŸã®ã¡ã€ã‚»ãƒ¼ãƒ«ã‚¹ã•ã‚“ã«é‹è»¢ã—ã¦ã‚‚ã‚‰ã„åŠ©æ‰‹å¸­ã§ä¹—ã‚Šå¿ƒåœ°ã‚‚ä½“é¨“ã—ã¦ãã¾ã—ãŸã€‚ä¸€æ—¥å‰ã¾ã§å¾ŒæœŸåž‹ï¼•ï¼ãƒ—ãƒªã‚¦ã‚¹ã‚’ä»£è»Šã§ä¹—ã£ã¦ã„ãŸã®ã§ã€ç´”ç²‹ã«é€²åŒ–ã‚’ä½“é¨“å‡ºæ¥ã¾ã—ãŸã€‚å…ˆãšãƒœãƒ‡ã‚£ãƒ¼å‰›æ€§ã¨ã—ãªã‚„ã‹ã•ã¯ã‹ãªã‚Šå‘ä¸Šã—ã¦ã„ã¾ã™ã­ã€‚ã•ã™ãŒï¼´ï¼®ï¼§ï¼¡ã®ç¬¬ï¼’ä¸–ä»£ã®ã‚·ãƒ£ãƒ¼ã‚·ã§ã€ãƒãƒ³ãƒ‰ãƒªãƒ³ã‚°ã®ç²¾ç¢ºæ€§ã‚‚éˆæ„Ÿãªåƒ•ã§ã‚‚åˆ†ã‹ã‚‹ãã‚‰ã„å‘ä¸Šã—ã¦ã¾ã™ã­ã€‚ï¼‘ï¼™ã‚¤ãƒ³ãƒã‚¿ã‚¤ãƒ¤ã‚‚ã™ã”ãä¹—ã‚Šå¿ƒåœ°ãŒè‰¯ã‹ã£ãŸã§ã™ã­ã€‚ã‚ã¨ä½•ã¨è¨€ã£ã¦ã‚‚é©šã„ãŸã®ãŒã€ç¬¬ï¼•ä¸–ä»£ã®ãƒã‚¤ãƒ–ãƒªãƒƒãƒ‰ã‚·ã‚¹ãƒ†ãƒ ã¨ï¼’ãƒªãƒƒã‚¿ãƒ¼ã‚¨ãƒ³ã‚¸ãƒ³ã®ãƒ‘ãƒ¯ãƒ¼ã€ç‰¹ã«ç¬¬ï¼•ä¸–ä»£ã®ãƒã‚¤ãƒ–ãƒªãƒƒãƒ‰ã‚·ã‚¹ãƒ†ãƒ ã®å®Œæˆåº¦ã¨ã„ã†ã‹å‡ºæ¥ãŒç´ æ™´ã‚‰ã—ãã€ã‚»ãƒ¼ãƒ«ã‚¹ã®ãŠå…„ã•ã‚“ã‚‚å¼·èª¿ã—ã¦ã¾ã—ãŸãŒã€ä»Šã¾ã§ã®ï¼”ä¸–ä»£ã®ã‚‚ã®ã‚ˆã‚Šï¼’ä¸–ä»£ãã‚‰ã„ä¸€æ°—ã«é€²åŒ–ã—ãŸãã‚‰ã„ç´ æ™´ã‚‰ã—ã„ã‹ã£ãŸã§ã™ã­ã€‚å°‘ãªãã¨ã‚‚ç¾åœ¨ã®ãƒ¬ã‚¯ã‚µã‚¹è»Šã®ãƒã‚¤ãƒ–ãƒªãƒƒãƒ‰ä¸¦ã¿ã‹ãã‚Œä»¥ä¸Šã®å‡ºæ¥ã¨æ„Ÿã˜ã¾ã—ãŸã€‚ï¼•ï¼åž‹ã§æ„Ÿã˜ãŸå›žç”Ÿãƒ–ãƒ¬ãƒ¼ã‚­ã¨æ²¹åœ§ãƒ–ãƒ¬ãƒ¼ã‚­ã¨åˆ‡ã‚Šæ›ãˆã®ã¨ãã®å¾®å¦™ãªã‚®ã‚¯ã‚·ãƒ£ã‚¯æ„ŸãŒã»ã‚“ã®åƒ…ã‹ã«ã‚ã£ãŸã®ãŒè¦‹äº‹ã«è§£æ¶ˆã—ã¦ã¾ã—ãŸã€‚ã‚ã¨ã€ãƒ‘ãƒ¯ãƒ¼ãŒï¼•ï¼ï¼…ã‚‚å‘ä¸Šã—ãŸï¼’ãƒªãƒƒã‚¿ãƒ¼ã‚¨ãƒ³ã‚¸ãƒ³ã§ï¼‘ï¼Žï¼˜ãƒªãƒƒã‚¿ãƒ¼ã¨ã»ã¼ä¸€ç·’ã®å®Ÿç‡ƒè²»ã€è©¦ä¹—è»Šã®ç‡ƒè²»è¨ˆã§èˆªç¶šè·é›¢ãŒã‚ã¨ï¼˜ï¼˜ï¼ã‚­ãƒ­ã®è¡¨ç¤ºã€ï¼¯ï¼¤ï¼¯ãƒ¡ãƒ¼ã‚¿ãƒ¼ãŒï¼‘ï¼‘ï¼ã‚­ãƒ­ã ã£ãŸã®ã§ã€ä¸‹ã‚ã—ãŸã¦ã®æ–°è»ŠãŒãƒ•ãƒ«ã‚¿ãƒ³ã‚¯ã§ï¼‘ï¼ï¼ï¼ã‚­ãƒ­èµ°ã‚‹ã¨ã„ã†ã“ã¨ã§é©šãã¾ã—ãŸã€‚è‡ªåˆ†ã§è²·ã†ãªã‚‰ï¼‘ï¼ä¸‡å††å®‰ã„ï¼‘ï¼—ã‚¤ãƒ³ãƒã‚¿ã‚¤ãƒ¤ã§ï¼‘ï¼™ã‚¤ãƒ³ãƒã‚¿ã‚¤ãƒ¤ã‚ˆã‚Šã‚‚è¬Žã®ï¼‘ï¼ï¼…è‰¯ããªã‚‹ç‡ƒè²»æ€§èƒ½ã€ã“ã‚“ãªã«ç‡ƒè²»ãŒé•ã†ã®ã¯ä½•æ•…ãªã®ã‹ã€ã€ã€ã‚»ãƒ¼ãƒ«ã‚¹ã«ã‚‚ä»Šã®ã¨ã“ã‚ã¾ã æœ¬ç¤¾ã‹ã‚‰å…·ä½“çš„ãªã“ã¨ã‚’æ•™ãˆã¦ã‚‚ã‚‰ãˆã¦ãªã„ãã†ã§ã™ã€‚ä»–ã«ã‚‚é©šãã“ã¨ãŒã‚ã‚Šã¾ã—ãŸãŒã€è¿½ã€…ãŠè©±ã—ãŸã„ã¨æ€ã„ã¾ã™ã€‚,"ãƒ‡ãƒ¡ãƒªãƒƒãƒˆã‹ã‚‰å…ˆã«å‹•ç”»ã«ã™ã‚‹ã£ã¦ã€ã¨ã¦ã‚‚è‰¯ã„ã¨æ€ã„ã¾ã™ã€‚
æ–°åž‹ãƒ—ãƒªã‚¦ã‚¹ã€ï¼‘ï¼™ã‚¤ãƒ³ãƒã®ï¼¦ï¼¦ã®ï¼ºã‚°ãƒ¬ãƒ¼ãƒ‰ã§ã—ãŸãŒãŒã€è©¦ä¹—ã—ã¦ãã¾ã—ãŸã‚ˆã€‚ç¢ºã‹ã«å¾Œå¸­ã®ä¹—ã‚Šè¾¼ã¿ã€äºˆæƒ³ã©ãŠã‚Šã‘ã£ã“ã†å¤§å¤‰ã§åŒã˜èº«é•·ã§ã‚‚ä½“ã®ç¡¬ã„ç”·æ€§ã¯ã‚„ã¯ã‚Šé ­ã‚’ã¶ã¤ã‘ã‚‹ãã†ã§ã™ãŒã€å¥³æ€§ã¯ä½“ãŒæŸ”ã‚‰ã‹ã„ã®ã§ã€æ®†ã©ã¶ã¤ã‹ã‚‰ãªã„ãã†ã§ã™ã‚ˆï¼ˆã‚¹ã‚¿ãƒƒãƒ•å…¨å“¡ã§è©¦ã—ãŸãã†ã§ï¼‰ã€‚
ãã‚Œã§ã€å…ˆãšè‡ªåˆ†ã§é‹è»¢ã—ãŸã®ã¡ã€ã‚»ãƒ¼ãƒ«ã‚¹ã•ã‚“ã«é‹è»¢ã—ã¦ã‚‚ã‚‰ã„åŠ©æ‰‹å¸­ã§ä¹—ã‚Šå¿ƒåœ°ã‚‚ä½“é¨“ã—ã¦ãã¾ã—ãŸã€‚ä¸€æ—¥å‰ã¾ã§å¾ŒæœŸåž‹ï¼•ï¼ãƒ—ãƒªã‚¦ã‚¹ã‚’ä»£è»Šã§ä¹—ã£ã¦ã„ãŸã®ã§ã€ç´”ç²‹ã«é€²åŒ–ã‚’ä½“é¨“å‡ºæ¥ã¾ã—ãŸã€‚
å…ˆãšãƒœãƒ‡ã‚£ãƒ¼å‰›æ€§ã¨ã—ãªã‚„ã‹ã•ã¯ã‹ãªã‚Šå‘ä¸Šã—ã¦ã„ã¾ã™ã­ã€‚ã•ã™ãŒï¼´ï¼®ï¼§ï¼¡ã®ç¬¬ï¼’ä¸–ä»£ã®ã‚·ãƒ£ãƒ¼ã‚·ã§ã€ãƒãƒ³ãƒ‰ãƒªãƒ³ã‚°ã®ç²¾ç¢ºæ€§ã‚‚éˆæ„Ÿãªåƒ•ã§ã‚‚åˆ†ã‹ã‚‹ãã‚‰ã„å‘ä¸Šã—ã¦ã¾ã™ã­ã€‚ï¼‘ï¼™ã‚¤ãƒ³ãƒã‚¿ã‚¤ãƒ¤ã‚‚ã™ã”ãä¹—ã‚Šå¿ƒåœ°ãŒè‰¯ã‹ã£ãŸã§ã™ã­ã€‚
ã‚ã¨ä½•ã¨è¨€ã£ã¦ã‚‚é©šã„ãŸã®ãŒã€ç¬¬ï¼•ä¸–ä»£ã®ãƒã‚¤ãƒ–ãƒªãƒƒãƒ‰ã‚·ã‚¹ãƒ†ãƒ ã¨ï¼’ãƒªãƒƒã‚¿ãƒ¼ã‚¨ãƒ³ã‚¸ãƒ³ã®ãƒ‘ãƒ¯ãƒ¼ã€ç‰¹ã«ç¬¬ï¼•ä¸–ä»£ã®ãƒã‚¤ãƒ–ãƒªãƒƒãƒ‰ã‚·ã‚¹ãƒ†ãƒ ã®å®Œæˆåº¦ã¨ã„ã†ã‹å‡ºæ¥ãŒç´ æ™´ã‚‰ã—ãã€ã‚»ãƒ¼ãƒ«ã‚¹ã®ãŠå…„ã•ã‚“ã‚‚å¼·èª¿ã—ã¦ã¾ã—ãŸãŒã€ä»Šã¾ã§ã®ï¼”ä¸–ä»£ã®ã‚‚ã®ã‚ˆã‚Šï¼’ä¸–ä»£ãã‚‰ã„ä¸€æ°—ã«é€²åŒ–ã—ãŸãã‚‰ã„ç´ æ™´ã‚‰ã—ã„ã‹ã£ãŸã§ã™ã­ã€‚å°‘ãªãã¨ã‚‚ç¾åœ¨ã®ãƒ¬ã‚¯ã‚µã‚¹è»Šã®ãƒã‚¤ãƒ–ãƒªãƒƒãƒ‰ä¸¦ã¿ã‹ãã‚Œä»¥ä¸Šã®å‡ºæ¥ã¨æ„Ÿã˜ã¾ã—ãŸã€‚ï¼•ï¼åž‹ã§æ„Ÿã˜ãŸå›žç”Ÿãƒ–ãƒ¬ãƒ¼ã‚­ã¨æ²¹åœ§ãƒ–ãƒ¬ãƒ¼ã‚­ã¨åˆ‡ã‚Šæ›ãˆã®ã¨ãã®å¾®å¦™ãªã‚®ã‚¯ã‚·ãƒ£ã‚¯æ„ŸãŒã»ã‚“ã®åƒ…ã‹ã«ã‚ã£ãŸã®ãŒè¦‹äº‹ã«è§£æ¶ˆã—ã¦ã¾ã—ãŸã€‚
ã‚ã¨ã€ãƒ‘ãƒ¯ãƒ¼ãŒï¼•ï¼ï¼…ã‚‚å‘ä¸Šã—ãŸï¼’ãƒªãƒƒã‚¿ãƒ¼ã‚¨ãƒ³ã‚¸ãƒ³ã§ï¼‘ï¼Žï¼˜ãƒªãƒƒã‚¿ãƒ¼ã¨ã»ã¼ä¸€ç·’ã®å®Ÿç‡ƒè²»ã€è©¦ä¹—è»Šã®ç‡ƒè²»è¨ˆã§èˆªç¶šè·é›¢ãŒã‚ã¨ï¼˜ï¼˜ï¼ã‚­ãƒ­ã®è¡¨ç¤ºã€ï¼¯ï¼¤ï¼¯ãƒ¡ãƒ¼ã‚¿ãƒ¼ãŒï¼‘ï¼‘ï¼ã‚­ãƒ­ã ã£ãŸã®ã§ã€ä¸‹ã‚ã—ãŸã¦ã®æ–°è»ŠãŒãƒ•ãƒ«ã‚¿ãƒ³ã‚¯ã§ï¼‘ï¼ï¼ï¼ã‚­ãƒ­èµ°ã‚‹ã¨ã„ã†ã“ã¨ã§é©šãã¾ã—ãŸã€‚
è‡ªåˆ†ã§è²·ã†ãªã‚‰ï¼‘ï¼ä¸‡å††å®‰ã„ï¼‘ï¼—ã‚¤ãƒ³ãƒã‚¿ã‚¤ãƒ¤ã§ï¼‘ï¼™ã‚¤ãƒ³ãƒã‚¿ã‚¤ãƒ¤ã‚ˆã‚Šã‚‚è¬Žã®ï¼‘ï¼ï¼…è‰¯ããªã‚‹ç‡ƒè²»æ€§èƒ½ã€ã“ã‚“ãªã«ç‡ƒè²»ãŒé•ã†ã®ã¯ä½•æ•…ãªã®ã‹ã€ã€ã€ã‚»ãƒ¼ãƒ«ã‚¹ã«ã‚‚ä»Šã®ã¨ã“ã‚ã¾ã æœ¬ç¤¾ã‹ã‚‰å…·ä½“çš„ãªã“ã¨ã‚’æ•™ãˆã¦ã‚‚ã‚‰ãˆã¦ãªã„ãã†ã§ã™ã€‚
ä»–ã«ã‚‚é©šãã“ã¨ãŒã‚ã‚Šã¾ã—ãŸãŒã€è¿½ã€…ãŠè©±ã—ãŸã„ã¨æ€ã„ã¾ã™ã€‚",7,2023-01-20T11:43:32Z,2023-01-20T11:43:32Z
ppVPgoiDRdU,å‹•ç”»ã‚’è¦‹ã¾ã—ãŸã€‚å‚è€ƒã«ãªã‚Šã¾ã™ã€‚ã‚«ã‚¿ãƒ­ã‚°ã‚’ã‚ˆï½žãè¦‹ã¦ã¿ã‚‹ã¨ã€ã‚¿ã‚¤ãƒ¤ã«ã¤ã„ã¦æœ€æ‚ªãªã“ã¨ãŒæ›¸ã„ã¦ã‚ã‚Šã¾ã™ã€‚ãªã‚“ã¨ã€ã€Œãƒã‚§ãƒ¼ãƒ³ã‚’è£…ç€ã§ããªã„ï¼ï¼ã€ã¨ã„ã†ã“ã¨ã€‚é›ªã®å¤šãé™ã‚‹åœ°åŸŸã§ã¯ã€ã“ã®æ–°åž‹ãƒ—ãƒªã‚¦ã‚¹ã‚’ä¹—ã‚‹ã“ã¨ãŒã§ããªã„ã‹ã‚‚ã—ã‚Œã¾ã›ã‚“ï¼ï¼,"å‹•ç”»ã‚’è¦‹ã¾ã—ãŸã€‚å‚è€ƒã«ãªã‚Šã¾ã™ã€‚
ã‚«ã‚¿ãƒ­ã‚°ã‚’ã‚ˆï½žãè¦‹ã¦ã¿ã‚‹ã¨ã€ã‚¿ã‚¤ãƒ¤ã«ã¤ã„ã¦æœ€æ‚ªãªã“ã¨ãŒæ›¸ã„ã¦ã‚ã‚Šã¾ã™ã€‚
ãªã‚“ã¨ã€ã€Œãƒã‚§ãƒ¼ãƒ³ã‚’è£…ç€ã§ããªã„ï¼ï¼ã€ã¨ã„ã†ã“ã¨ã€‚é›ªã®å¤šãé™ã‚‹åœ°åŸŸã§ã¯ã€ã“ã®æ–°åž‹ãƒ—ãƒªã‚¦ã‚¹ã‚’ä¹—ã‚‹ã“ã¨ãŒã§ããªã„ã‹ã‚‚ã—ã‚Œã¾ã›ã‚“ï¼ï¼",4,2023-02-02T08:40:46Z,2023-02-02T08:40:46Z
ppVPgoiDRdU,ãƒ—ãƒªã‚¦ã‚¹ã®ãƒ€ãƒ¡ãªã¨ã“ã‚ã¯å‹•ç”»ã®ã‚ˆã†ãªäº›æœ«ãªã¨ã“ã‚ã§ãªãã€åœ§å€’çš„ã«ã‚¹ãƒžãƒ¼ãƒˆãªã‚¹ã‚¿ã‚¤ãƒ«ã®ãŸã‚ã«åœ§å€’çš„ã«å®¤å†…ç©ºé–“ãŒçª®å±ˆã«ãªã£ã¦ã—ã¾ã£ãŸã“ã¨ã§ã™ã€‚ãƒ‡ã‚£ãƒ¼ãƒ©ãƒ¼ã®å±•ç¤ºè»Šã«è©¦ä¹—ã—ãŸã¨ãèº«é•·180ãŽã®è‡ªåˆ†ã¯é¦–ã‚’ã™ã¼ã‚ãªã„ã¨å‚¾æ–œã—ãŸAãƒ”ãƒ©ãƒ¼ã«é ­ãŒã‚ãŸã‚Šä¹—è»Šã§ãã¾ã›ã‚“ã§ã—ãŸã€‚ã‚·ãƒ¼ãƒˆã«åº§ã‚‹ã¨å‚¾æ–œã—ãŸãƒ•ãƒ­ãƒ³ãƒˆã‚¦ã‚¤ãƒ³ãƒ‰ã‚¦ãŒç›®ã®å‰ã«è¿«ã‚Šã€åœ§è¿«æ„ŸãŒåŠç«¯ã‚ã‚Šã¾ã›ã‚“ã§ã—ãŸã€‚ã‚¤ãƒ³ãƒ†ãƒªã‚¢ã¯ãƒ—ãƒªã‚¦ã‚¹ã‚‰ã—ãå…ˆé€²çš„ã§ã‚»ãƒ³ã‚¹ã¯è‰¯ã‹ã£ãŸã§ã™ã€‚ã€€ã—ãŸãŒã£ã¦ãƒ—ãƒªã‚¦ã‚¹ã®ãƒ‡ã‚¶ã‚¤ãƒ³ã¨å…ˆé€²æ€§ã‚’è©•ä¾¡ã™ã‚‹æ–¹ã«ã¯ãŠå‹§ã‚ã§ã™ãŒã€è‡ªåˆ†ã¯ï¼“æ™‚é–“ã®é‹è»¢ãŒé™ç•Œã§ã™ã€‚èº«é•·ãŒ175ãŽä»¥ä¸Šã®æ–¹ã¯ä¸€åº¦è©¦ä¹—ã—ã¦ã‹ã‚‰è€ƒãˆã‚‹ã“ã¨ã‚’ãŠå‹§ã‚ã—ã¾ã™ã€‚,"ãƒ—ãƒªã‚¦ã‚¹ã®ãƒ€ãƒ¡ãªã¨ã“ã‚ã¯å‹•ç”»ã®ã‚ˆã†ãªäº›æœ«ãªã¨ã“ã‚ã§ãªãã€åœ§å€’çš„ã«ã‚¹ãƒžãƒ¼ãƒˆãªã‚¹ã‚¿ã‚¤ãƒ«ã®ãŸã‚ã«åœ§å€’çš„ã«å®¤å†…ç©ºé–“ãŒçª®å±ˆã«ãªã£ã¦ã—ã¾ã£ãŸã“ã¨ã§ã™ã€‚ãƒ‡ã‚£ãƒ¼ãƒ©ãƒ¼ã®å±•ç¤ºè»Šã«è©¦ä¹—ã—ãŸã¨ãèº«é•·180ãŽã®è‡ªåˆ†ã¯é¦–ã‚’ã™ã¼ã‚ãªã„ã¨å‚¾æ–œã—ãŸAãƒ”ãƒ©ãƒ¼ã«é ­ãŒã‚ãŸã‚Šä¹—è»Šã§ãã¾ã›ã‚“ã§ã—ãŸã€‚ã‚·ãƒ¼ãƒˆã«åº§ã‚‹ã¨å‚¾æ–œã—ãŸãƒ•ãƒ­ãƒ³ãƒˆã‚¦ã‚¤ãƒ³ãƒ‰ã‚¦ãŒç›®ã®å‰ã«è¿«ã‚Šã€åœ§è¿«æ„ŸãŒåŠç«¯ã‚ã‚Šã¾ã›ã‚“ã§ã—ãŸã€‚ã‚¤ãƒ³ãƒ†ãƒªã‚¢ã¯ãƒ—ãƒªã‚¦ã‚¹ã‚‰ã—ãå…ˆé€²çš„ã§ã‚»ãƒ³ã‚¹ã¯è‰¯ã‹ã£ãŸã§ã™ã€‚
ã€€ã—ãŸãŒã£ã¦ãƒ—ãƒªã‚¦ã‚¹ã®ãƒ‡ã‚¶ã‚¤ãƒ³ã¨å…ˆé€²æ€§ã‚’è©•ä¾¡ã™ã‚‹æ–¹ã«ã¯ãŠå‹§ã‚ã§ã™ãŒã€è‡ªåˆ†ã¯ï¼“æ™‚é–“ã®é‹è»¢ãŒé™ç•Œã§ã™ã€‚èº«é•·ãŒ175ãŽä»¥ä¸Šã®æ–¹ã¯ä¸€åº¦è©¦ä¹—ã—ã¦ã‹ã‚‰è€ƒãˆã‚‹ã“ã¨ã‚’ãŠå‹§ã‚ã—ã¾ã™ã€‚",9,2023-01-31T11:27:26Z,2023-01-31T11:27:26Z
ppVPgoiDRdU,ç‹™ã„ã‚’å®šã‚ã‚‰ã‚Œã‚‹ã‚ˆã†ã«ç…§æº–ã¿ãŸã„ãªãƒ¡ãƒ¼ã‚¿ãƒ¼ãŒã¤ã„ãŸ,"ç‹™ã„ã‚’å®šã‚ã‚‰ã‚Œã‚‹ã‚ˆã†ã«
ç…§æº–ã¿ãŸã„ãªãƒ¡ãƒ¼ã‚¿ãƒ¼ãŒã¤ã„ãŸ",2,2023-02-05T14:33:57Z,2023-02-05T14:33:57Z
ppVPgoiDRdU,ãƒžã‚¤ãƒŠãƒ¼ãƒã‚§ãƒ³ã‚¸ã®ãƒ†ã‚³ã„ã‚Œã§1.8Xãƒ„ãƒ¼ãƒªãƒ³ã‚°ã¨ã‹ã€å¸‚è²©ã‚°ãƒ¬ãƒ¼ãƒ‰ãŒè²©å£²ã™ã‚‹ã¨äºˆæƒ³ã€‚ãã‚ŒãŒã®ã“ã‚Œã¾ã§ã®è‡ªå‹•è»Šãƒ¡ãƒ¼ã‚«ãƒ¼ã®ðŸ–æ‰‹,"ãƒžã‚¤ãƒŠãƒ¼ãƒã‚§ãƒ³ã‚¸ã®ãƒ†ã‚³ã„ã‚Œã§1.8Xãƒ„ãƒ¼ãƒªãƒ³ã‚°ã¨ã‹ã€å¸‚è²©ã‚°ãƒ¬ãƒ¼ãƒ‰ãŒè²©å£²ã™ã‚‹ã¨äºˆæƒ³ã€‚
ãã‚ŒãŒã®ã“ã‚Œã¾ã§ã®è‡ªå‹•è»Šãƒ¡ãƒ¼ã‚«ãƒ¼ã®ðŸ–æ‰‹",1,2023-01-28T22:41:44Z,2023-01-28T22:41:44Z
ppVPgoiDRdU,æ–°åž‹ãƒ—ãƒªã‚¦ã‚¹ã®ç™½ã®ãƒ•ã‚§ã‚¤ã‚¹ã‚’è¦‹ã‚‹ã¨ã€ã‚¨ãƒ´ã‚¡ãƒ³ã‚²ãƒªã‚ªãƒ³é‡ç”£åž‹ã‚’æ€ã„å‡ºã™ã®ã¯è‡ªåˆ†ã ã‘ã§ã—ã‚‡ã†ã‹(;^_^A,æ–°åž‹ãƒ—ãƒªã‚¦ã‚¹ã®ç™½ã®ãƒ•ã‚§ã‚¤ã‚¹ã‚’è¦‹ã‚‹ã¨ã€ã‚¨ãƒ´ã‚¡ãƒ³ã‚²ãƒªã‚ªãƒ³é‡ç”£åž‹ã‚’æ€ã„å‡ºã™ã®ã¯è‡ªåˆ†ã ã‘ã§ã—ã‚‡ã†ã‹(;^_^A,2,2023-01-30T01:55:01Z,2023-01-30T01:55:01Z
ppVPgoiDRdU,ï¼ºã®è©¦ä¹—ã‚’ã—ã¾ã—ãŸãŒã€ãƒ‘ãƒ¯ãƒ¼ãƒãƒƒã‚¯ãƒ‰ã‚¢ã¯ãƒœã‚¿ãƒ³ã§é€”ä¸­æ­¢ã‚ã‚‹ã“ã¨ã¯å‡ºæ¥ã‚‹ã®ã§ã™ãŒã¯ã•ã¿é˜²æ­¢å®‰å…¨æ©Ÿèƒ½ãŒãªã„ã®ã§é–“é•ã£ã¦æŒŸã¾ã‚ŒãŸå ´åˆã‘ãŒã®å¯èƒ½æ€§ãŒã‚ã‚Šã¾ã™ã€‚ä¸€éƒ¨æ”¹è‰¯æ™‚ã«å¯¾å¿œã—ã¦ã‚‚ã‚‰ã„ãŸã„ã‚‚ã®ã§ã™ã€‚ï¼¥ï¼¦ï¼¯ï¼µï¼²ã¨ï¼¦ï¼¦ä¸¡æ–¹è©¦ä¹—ã—ã¾ã—ãŸãŒï¼¥ï¼¦ï¼¯ï¼µï¼²ã®èµ°ã‚Šã¯åŠ é€Ÿæ€§èƒ½ä¹—ã‚Šå¿ƒåœ°ã«æƒšã‚Œã¾ã—ãŸã€‚ãƒŠãƒ“é–¢ä¿‚ã¯ç”»é¢ãŒå¤§ãã„ã ã‘ã§ä¸ä¾¿æ¥µã¾ã‚Šãªã„ã‚‚ã®ã§ã‚«ã‚¿ãƒ­ã‚°ã‚‚åˆ†ã‹ã‚Šãšã‚‰ã„ä¸è¦ªåˆ‡ãªç‰©ã§ã—ãŸã€‚ãƒ¡ãƒ¼ã‚¿ãƒ¼ã®æ–‡å­—ã‚‚å°ã•ãã‚¹ãƒ”ãƒ¼ãƒ‰è¡¨ç¤ºä»¥å¤–ã¯èµ°è¡Œä¸­åˆ¤åˆ¥ã§ãã¾ã›ã‚“ã§ã—ãŸã€‚è¦‹ãŸç›®ã¨èµ°ã‚Šã¯ã„ã„ã®ã§ã™ãŒæ¬ ç‚¹ã®å¤šã„è»Šã ã¨æ„Ÿã˜ã¾ã—ãŸã€‚,"ï¼ºã®è©¦ä¹—ã‚’ã—ã¾ã—ãŸãŒã€ãƒ‘ãƒ¯ãƒ¼ãƒãƒƒã‚¯ãƒ‰ã‚¢ã¯ãƒœã‚¿ãƒ³ã§é€”ä¸­æ­¢ã‚ã‚‹ã“ã¨ã¯å‡ºæ¥ã‚‹ã®ã§ã™ãŒã¯ã•ã¿é˜²æ­¢å®‰å…¨æ©Ÿèƒ½ãŒãªã„ã®ã§é–“é•ã£ã¦æŒŸã¾ã‚ŒãŸå ´åˆã‘ãŒã®å¯èƒ½æ€§ãŒã‚ã‚Šã¾ã™ã€‚
ä¸€éƒ¨æ”¹è‰¯æ™‚ã«å¯¾å¿œã—ã¦ã‚‚ã‚‰ã„ãŸã„ã‚‚ã®ã§ã™ã€‚ï¼¥ï¼¦ï¼¯ï¼µï¼²ã¨ï¼¦ï¼¦ä¸¡æ–¹è©¦ä¹—ã—ã¾ã—ãŸãŒï¼¥ï¼¦ï¼¯ï¼µï¼²ã®èµ°ã‚Šã¯åŠ é€Ÿæ€§èƒ½ä¹—ã‚Šå¿ƒåœ°ã«æƒšã‚Œã¾ã—ãŸã€‚
ãƒŠãƒ“é–¢ä¿‚ã¯ç”»é¢ãŒå¤§ãã„ã ã‘ã§ä¸ä¾¿æ¥µã¾ã‚Šãªã„ã‚‚ã®ã§ã‚«ã‚¿ãƒ­ã‚°ã‚‚åˆ†ã‹ã‚Šãšã‚‰ã„ä¸è¦ªåˆ‡ãªç‰©ã§ã—ãŸã€‚ãƒ¡ãƒ¼ã‚¿ãƒ¼ã®æ–‡å­—ã‚‚å°ã•ãã‚¹ãƒ”ãƒ¼ãƒ‰è¡¨ç¤ºä»¥å¤–ã¯èµ°è¡Œä¸­åˆ¤åˆ¥ã§ãã¾ã›ã‚“ã§ã—ãŸã€‚
è¦‹ãŸç›®ã¨èµ°ã‚Šã¯ã„ã„ã®ã§ã™ãŒæ¬ ç‚¹ã®å¤šã„è»Šã ã¨æ„Ÿã˜ã¾ã—ãŸã€‚",3,2023-02-02T15:30:31Z,2023-02-02T15:30:31Z
ppVPgoiDRdU,äºˆç´„æ³¨æ–‡ã—ãŸã‘ã©æ°—ã«ãªã‚‹ã®ã¯ã‚¿ã‚¤ãƒ¤å¹…ã¨ãƒ‘ãƒŽãƒ©ãƒžãƒ«ãƒ¼ãƒ•ãŒåŠç«¯ã¨ãƒ¡ãƒ¼ã‚¿ãƒ¼ãƒŠãƒ“ãŒä¸€ä½“ã ã£ãŸã‚‰è‰¯ã‹ã£ãŸãªã£ã¦æ‰€ã§ã™ã‹ã­ã€‚ãƒŠãƒ“ã®ã‚¨ãƒãƒ«ã‚®ãƒ¼ãƒ•ãƒ­ãƒ¼ç”»é¢ã¯å®‰ã£ã½ã„ã‘ã©è¡¨ç¤ºã•ã›ãªã‘ã‚Œã°ãŠï½‹ã€6å¹´ç›®ä»¥é™ã®æœ‰æ–™ã¯ã‚¹ãƒžãƒ›ç¹‹ã’ã‚Œã°è§£æ±ºã€‚ã‚¿ã‚¤ãƒ¤å¹…ãŒæ°—ã«ãªã‚Šã¾ã™ã‘ã©ãã“ã¯å®Ÿéš›ã«èµ°ã£ã¦ã¿ã¦ã‹ã‚‰ã®è©•ä¾¡ã«ãªã‚Šã¾ã™ã­ã€‚ãã®ã»ã‹å¾Œå¸­ãƒ‰ã‚¢ãƒãƒ³ãƒ‰ãƒ«ã‚„ä¹—ã‚Šé™ã‚Šç­‰ã¯æ…£ã‚Œã˜ã‚ƒãªã„ã§ã™ã‹ã­ãƒ¼,"äºˆç´„æ³¨æ–‡ã—ãŸã‘ã©æ°—ã«ãªã‚‹ã®ã¯ã‚¿ã‚¤ãƒ¤å¹…ã¨ãƒ‘ãƒŽãƒ©ãƒžãƒ«ãƒ¼ãƒ•ãŒåŠç«¯ã¨ãƒ¡ãƒ¼ã‚¿ãƒ¼ãƒŠãƒ“ãŒä¸€ä½“ã ã£ãŸã‚‰è‰¯ã‹ã£ãŸãªã£ã¦æ‰€ã§ã™ã‹ã­ã€‚
ãƒŠãƒ“ã®ã‚¨ãƒãƒ«ã‚®ãƒ¼ãƒ•ãƒ­ãƒ¼ç”»é¢ã¯å®‰ã£ã½ã„ã‘ã©è¡¨ç¤ºã•ã›ãªã‘ã‚Œã°ãŠï½‹ã€6å¹´ç›®ä»¥é™ã®æœ‰æ–™ã¯ã‚¹ãƒžãƒ›ç¹‹ã’ã‚Œã°è§£æ±ºã€‚
ã‚¿ã‚¤ãƒ¤å¹…ãŒæ°—ã«ãªã‚Šã¾ã™ã‘ã©ãã“ã¯å®Ÿéš›ã«èµ°ã£ã¦ã¿ã¦ã‹ã‚‰ã®è©•ä¾¡ã«ãªã‚Šã¾ã™ã­ã€‚
ãã®ã»ã‹å¾Œå¸­ãƒ‰ã‚¢ãƒãƒ³ãƒ‰ãƒ«ã‚„ä¹—ã‚Šé™ã‚Šç­‰ã¯æ…£ã‚Œã˜ã‚ƒãªã„ã§ã™ã‹ã­ãƒ¼",3,2023-01-23T12:00:52Z,2023-01-23T12:00:52Z
ppVPgoiDRdU,ã‚¿ã‚¤ãƒ¤ã®ä»¶ã§ã™ãŒå‰›æ€§ã‚’é«˜ã‚ã¦ã„ã‚‹ãã†ãªã®ã§æŒ‡æ‘˜ã•ã‚Œã¦ã„ã‚‹ã‚ˆã†ãªäº‹ã¯ãªã„ã‹ã¨æ€ã„ã¾ã™ã€‚ãã®ç‚¹ã«ãŠã„ã¦å¿ƒé…ã§ã‚ã‚Œã°ã€ã‚¤ãƒ³ãƒãƒ€ã‚¦ãƒ³ã‚‚ã§ãã‚‹ã®ã§å¿ƒé…ãªæ–¹ã¯å¤‰ãˆã¾ã—ã‚‡ã†ã£ã¦æ„Ÿã˜ã§ã—ã‚‡ã†ã‹ã€‚è‡ªåˆ†ã¯å¤‰ãˆã‚‹äºˆå®šã¯ã‚ã‚Šã¾ã›ã‚“ãŒã€‚ã‚¨ã‚¢ã‚³ãƒ³ã®ç‹¬ç«‹ã§ã¯ãªã„ç‚¹ãŒæ®‹å¿µã¨æŒ‡æ‘˜ã•ã‚Œã‚‹æ–¹ãŒä½•äººã‹ã„ã¾ã™ãŒã€ãã“ã¾ã§å¤‰ã‚ã‚‹ã‚‚ã®ã§ã™ã‹ï¼Ÿè»Šå†…ã®æ°—æ¸©ã‚’å…±æœ‰ã™ã‚‹ã“ã¨ã‚’æ€ãˆã°ã‚ã¾ã‚Šæ®‹å¿µãªç‚¹ã¨ã—ã¦ã¯æ€ãˆã¾ã›ã‚“ã€‚ãƒ™ãƒ³ãƒãƒ¬ãƒ¼ã‚·ãƒ§ãƒ³ã¯ç‹¬ç«‹ã—ã¦ã„ã¾ã™ã—ã©ã†ã‹ãªï¼Ÿã¨æ„Ÿã˜ã¾ã—ãŸã€‚ãƒ¡ãƒ¼ã‚¿ãƒ¼ã¯ç¢ºã‹ã«ã—ã£ã‹ã‚Šèª¿æ•´ã™ã‚Œã°è¦‹ã«ãã„ã£ã¦ã“ã¨ã¯ã‚ã‚Šã¾ã›ã‚“ã§ã—ãŸã€‚ãƒ‘ãƒ¯ãƒ¼ã‚·ãƒ¼ãƒˆã‚‚ã‹ãªã‚Šå¹…åºƒãèª¿æ•´ã§ãã‚‹ã®ã§ã€ãã®ç‚¹ã‚’æŒ‡æ‘˜ã•ã‚Œã‚‹äººã‚‚ã„ã¾ã—ãŸãŒè‡ªåˆ†ã«ã¯ç–‘å•ç‚¹ã§ã—ãŸã€‚æŒ‡æ‘˜ã•ã‚Œã¦ã„ã‚‹é€šã‚Šã€å°‘ã—æ–‡å­—ã¯å°ã•ã„ã§ã™ã‚ˆã­ï¼¾ï¼¾ï¼›ã„ãã¤ã‹æœ€å…ˆç«¯è£…å‚™ã¤ã„ã¦ãªã„ã§ã™ã‚ˆã­ã€‚ã‚¢ãƒ‰ãƒãƒ³ã‚¹ãƒˆãƒ‰ãƒ©ã‚¤ãƒ–ã‚‚ãã†ã§ã™ãŒã€ã‚¢ãƒ€ãƒ—ãƒ†ã‚£ãƒ–ãƒã‚¤ãƒ“ãƒ¼ãƒ ã‚‚ãªã„ã§ã™ã­ã€‚(BiBeamã«ã‚ˆã‚‹ã‚ªãƒ¼ãƒˆãƒžãƒãƒƒã‚¯ãƒã‚¤ãƒ“ãƒ¼ãƒ ã¯ã‚ã‚Šã¾ã™ãŒ)ãƒŠãƒ“ã¯MOPã§6ä¸‡æ‰•ãˆã°ç¶™ç¶šã—ã¦ç„¡æ–™ã§ä½¿ãˆã‚‹ãã†ã§ã™ã‚ˆã€‚(ã‚‚ã—ä»®ã«6ä¸‡ï¼‹æœˆé¡ã‹ã‹ã‚‹ã®ã§ã‚ã‚Œã°åˆ¥è£½å“ã‚‚è¦æ¤œè¨Žã§ã™ã­ã€‚ä¸€å¿œã‚³ãƒã‚¯ãƒˆãƒŠãƒ“è‡ªä½“ã¯ä½•å¹´ã‹å…ˆã¡ã‚‡ã£ã¨ã§ã‚µãƒ¼ãƒ“ã‚¹çµ‚äº†ã™ã‚‹ã‚‰ã—ã„ã§ã™ãŒã€‚)å¾Œéƒ¨åº§å¸­ã®ãƒ‰ã‚¢ãƒãƒ³ãƒ‰ãƒ«ã®ä½ç½®ã¯ã€å€‹äººçš„ã«ã¯ã‹ã£ã“ã„ã„ãƒ‡ã‚¶ã‚¤ãƒ³ã¨æ„Ÿã˜ã¾ã—ãŸã€‚ãŸã ã¡ã‚‡ã£ã¨çã—ã„ãƒ‡ã‚¶ã‚¤ãƒ³ã§ã¯ã‚ã‚‹ã®ã§ã€åˆã‚ã¯ã€Œã‚“ï¼Ÿã€ã¨ãªã‚‹äººã¯å¤šãã†ã§ã™ã­ï¼¾ï¼¾ï¼›å€‹äººçš„ã«ã¯ã€å¾Œã‚ã®é›»å‹•åŒ–ã§ã™ãŒã‚ã®é–‹ãã¨ãã®éŸ³ã¡ã‚‡ã£ã¨å¤œã®ä½å®…è¡—ã¨ã‹ã«ã¯ã†ã‚‹ã•ã„ã®ã‹ãªï¼Ÿã¨ä¸å®‰è¦šãˆã¦ã„ã¾ã™ã€‚éŸ³é‡èª¿æ•´ã§ãã‚Œã°ã„ã„ã®ã§ã™ãŒã€‚,"ã‚¿ã‚¤ãƒ¤ã®ä»¶ã§ã™ãŒå‰›æ€§ã‚’é«˜ã‚ã¦ã„ã‚‹ãã†ãªã®ã§æŒ‡æ‘˜ã•ã‚Œã¦ã„ã‚‹ã‚ˆã†ãªäº‹ã¯ãªã„ã‹ã¨æ€ã„ã¾ã™ã€‚
ãã®ç‚¹ã«ãŠã„ã¦å¿ƒé…ã§ã‚ã‚Œã°ã€ã‚¤ãƒ³ãƒãƒ€ã‚¦ãƒ³ã‚‚ã§ãã‚‹ã®ã§å¿ƒé…ãªæ–¹ã¯å¤‰ãˆã¾ã—ã‚‡ã†ã£ã¦æ„Ÿã˜ã§ã—ã‚‡ã†ã‹ã€‚è‡ªåˆ†ã¯å¤‰ãˆã‚‹äºˆå®šã¯ã‚ã‚Šã¾ã›ã‚“ãŒã€‚
ã‚¨ã‚¢ã‚³ãƒ³ã®ç‹¬ç«‹ã§ã¯ãªã„ç‚¹ãŒæ®‹å¿µã¨æŒ‡æ‘˜ã•ã‚Œã‚‹æ–¹ãŒä½•äººã‹ã„ã¾ã™ãŒã€ãã“ã¾ã§å¤‰ã‚ã‚‹ã‚‚ã®ã§ã™ã‹ï¼Ÿ
è»Šå†…ã®æ°—æ¸©ã‚’å…±æœ‰ã™ã‚‹ã“ã¨ã‚’æ€ãˆã°ã‚ã¾ã‚Šæ®‹å¿µãªç‚¹ã¨ã—ã¦ã¯æ€ãˆã¾ã›ã‚“ã€‚ãƒ™ãƒ³ãƒãƒ¬ãƒ¼ã‚·ãƒ§ãƒ³ã¯ç‹¬ç«‹ã—ã¦ã„ã¾ã™ã—ã©ã†ã‹ãªï¼Ÿã¨æ„Ÿã˜ã¾ã—ãŸã€‚

ãƒ¡ãƒ¼ã‚¿ãƒ¼ã¯ç¢ºã‹ã«ã—ã£ã‹ã‚Šèª¿æ•´ã™ã‚Œã°è¦‹ã«ãã„ã£ã¦ã“ã¨ã¯ã‚ã‚Šã¾ã›ã‚“ã§ã—ãŸã€‚
ãƒ‘ãƒ¯ãƒ¼ã‚·ãƒ¼ãƒˆã‚‚ã‹ãªã‚Šå¹…åºƒãèª¿æ•´ã§ãã‚‹ã®ã§ã€ãã®ç‚¹ã‚’æŒ‡æ‘˜ã•ã‚Œã‚‹äººã‚‚ã„ã¾ã—ãŸãŒè‡ªåˆ†ã«ã¯ç–‘å•ç‚¹ã§ã—ãŸã€‚
æŒ‡æ‘˜ã•ã‚Œã¦ã„ã‚‹é€šã‚Šã€å°‘ã—æ–‡å­—ã¯å°ã•ã„ã§ã™ã‚ˆã­ï¼¾ï¼¾ï¼›

ã„ãã¤ã‹æœ€å…ˆç«¯è£…å‚™ã¤ã„ã¦ãªã„ã§ã™ã‚ˆã­ã€‚
ã‚¢ãƒ‰ãƒãƒ³ã‚¹ãƒˆãƒ‰ãƒ©ã‚¤ãƒ–ã‚‚ãã†ã§ã™ãŒã€ã‚¢ãƒ€ãƒ—ãƒ†ã‚£ãƒ–ãƒã‚¤ãƒ“ãƒ¼ãƒ ã‚‚ãªã„ã§ã™ã­ã€‚(BiBeamã«ã‚ˆã‚‹ã‚ªãƒ¼ãƒˆãƒžãƒãƒƒã‚¯ãƒã‚¤ãƒ“ãƒ¼ãƒ ã¯ã‚ã‚Šã¾ã™ãŒ)

ãƒŠãƒ“ã¯MOPã§6ä¸‡æ‰•ãˆã°ç¶™ç¶šã—ã¦ç„¡æ–™ã§ä½¿ãˆã‚‹ãã†ã§ã™ã‚ˆã€‚
(ã‚‚ã—ä»®ã«6ä¸‡ï¼‹æœˆé¡ã‹ã‹ã‚‹ã®ã§ã‚ã‚Œã°åˆ¥è£½å“ã‚‚è¦æ¤œè¨Žã§ã™ã­ã€‚ä¸€å¿œã‚³ãƒã‚¯ãƒˆãƒŠãƒ“è‡ªä½“ã¯ä½•å¹´ã‹å…ˆã¡ã‚‡ã£ã¨ã§ã‚µãƒ¼ãƒ“ã‚¹çµ‚äº†ã™ã‚‹ã‚‰ã—ã„ã§ã™ãŒã€‚)

å¾Œéƒ¨åº§å¸­ã®ãƒ‰ã‚¢ãƒãƒ³ãƒ‰ãƒ«ã®ä½ç½®ã¯ã€å€‹äººçš„ã«ã¯ã‹ã£ã“ã„ã„ãƒ‡ã‚¶ã‚¤ãƒ³ã¨æ„Ÿã˜ã¾ã—ãŸã€‚
ãŸã ã¡ã‚‡ã£ã¨çã—ã„ãƒ‡ã‚¶ã‚¤ãƒ³ã§ã¯ã‚ã‚‹ã®ã§ã€åˆã‚ã¯ã€Œã‚“ï¼Ÿã€ã¨ãªã‚‹äººã¯å¤šãã†ã§ã™ã­ï¼¾ï¼¾ï¼›

å€‹äººçš„ã«ã¯ã€å¾Œã‚ã®é›»å‹•åŒ–ã§ã™ãŒã‚ã®é–‹ãã¨ãã®éŸ³ã¡ã‚‡ã£ã¨å¤œã®ä½å®…è¡—ã¨ã‹ã«ã¯ã†ã‚‹ã•ã„ã®ã‹ãªï¼Ÿã¨ä¸å®‰è¦šãˆã¦ã„ã¾ã™ã€‚
éŸ³é‡èª¿æ•´ã§ãã‚Œã°ã„ã„ã®ã§ã™ãŒã€‚",6,2023-01-20T15:04:20Z,2023-01-20T15:04:20Z
ppVPgoiDRdU,PHEVã¯å·¦å³ç‹¬ç«‹ã‚¨ã‚¢ã‚³ãƒ³ã ã‚ã†ãªå¤–æ°—å–ã‚Šè¾¼ã¿ã‚¹ã‚¤ãƒƒãƒã®ãƒ¡ã‚¯ãƒ©ãŒãƒ‡ãƒ¥ã‚¢ãƒ«ã«ãªã‚‹ã¨æ€ã†,"PHEVã¯å·¦å³ç‹¬ç«‹ã‚¨ã‚¢ã‚³ãƒ³ã ã‚ã†ãª
å¤–æ°—å–ã‚Šè¾¼ã¿ã‚¹ã‚¤ãƒƒãƒã®ãƒ¡ã‚¯ãƒ©ãŒãƒ‡ãƒ¥ã‚¢ãƒ«ã«ãªã‚‹ã¨æ€ã†",0,2023-01-30T12:40:03Z,2023-01-30T12:40:03Z
ppVPgoiDRdU,ç¢ºã‹ã€Apple CarPlayã§ãƒŠãƒ“ã‚‚ä½¿ãˆãŸç­ˆã§ã™ãŒâ€¦ã‚ã¨ã€ã‚¿ã‚¤ãƒ¤ãŒç´°ãã¦ã‚‚å¤–å¾„ã§ã‚°ãƒªãƒƒãƒ—ã‚’ç¨¼ã„ã§ã„ã¾ã™ã€‚,ç¢ºã‹ã€Apple CarPlayã§ãƒŠãƒ“ã‚‚ä½¿ãˆãŸç­ˆã§ã™ãŒâ€¦ã‚ã¨ã€ã‚¿ã‚¤ãƒ¤ãŒç´°ãã¦ã‚‚å¤–å¾„ã§ã‚°ãƒªãƒƒãƒ—ã‚’ç¨¼ã„ã§ã„ã¾ã™ã€‚,0,2023-01-25T03:09:01Z,2023-01-25T03:10:42Z
ppVPgoiDRdU,ä½•æ•…ã‹é“ã®æ‚ªã„é“èµ°ã‚‹ã¨ãƒˆãƒ¨ã‚¿ã®æ™®é€šè»Šã¯å±‹æ ¹ã«é ­ã¶ã¤ã‹ã‚‹,ä½•æ•…ã‹é“ã®æ‚ªã„é“èµ°ã‚‹ã¨ãƒˆãƒ¨ã‚¿ã®æ™®é€šè»Šã¯å±‹æ ¹ã«é ­ã¶ã¤ã‹ã‚‹,2,2023-01-28T02:23:13Z,2023-01-28T02:23:13Z
ppVPgoiDRdU,ãƒŠãƒ“ã¯ãƒ¡ãƒ¼ã‚«ãƒ¼ã‚ªãƒ—ã‚·ãƒ§ãƒ³ã§ãšã£ã¨ä½¿ãˆãŸã‚ˆã†ãª...,ãƒŠãƒ“ã¯ãƒ¡ãƒ¼ã‚«ãƒ¼ã‚ªãƒ—ã‚·ãƒ§ãƒ³ã§ãšã£ã¨ä½¿ãˆãŸã‚ˆã†ãª...,7,2023-01-20T16:53:15Z,2023-01-20T16:53:15Z
ppVPgoiDRdU,å‹•ãä¼šè­°å®¤å®‰ã£ã½ã„ãªãƒ¼wå®‰ãã¦å……åˆ†ã ã‘ã©ã€‚,"å‹•ãä¼šè­°å®¤

å®‰ã£ã½ã„ãªãƒ¼wå®‰ãã¦å……åˆ†ã ã‘ã©ã€‚",1,2023-01-25T22:14:54Z,2023-01-25T22:15:15Z
ppVPgoiDRdU,ã‚¨ã‚¢ã‚³ãƒ³ã¯ã€ãŠãã‚‰ãæµ·å¤–ã§ã¯å·¦å³ç‹¬ç«‹ã ã¨æ€ã„ã¾ã™ã€‚ï¼•ï¼ã§ã¯æ¬§å·žä»•æ§˜ãŒãã†ã§ã—ãŸã‹ã‚‰ã€‚,"ã‚¨ã‚¢ã‚³ãƒ³ã¯ã€ãŠãã‚‰ãæµ·å¤–ã§ã¯å·¦å³ç‹¬ç«‹ã ã¨æ€ã„ã¾ã™ã€‚
ï¼•ï¼ã§ã¯æ¬§å·žä»•æ§˜ãŒãã†ã§ã—ãŸã‹ã‚‰ã€‚",0,2023-02-02T11:13:00Z,2023-02-02T11:13:00Z
ppVPgoiDRdU,ãƒ¡ãƒ¼ã‚¿ãƒ¼ã¯å€‹äººçš„ã«è¦‹ã«ãã„ã‹ã‚‰ãƒ˜ãƒƒãƒ‰ã‚¢ãƒƒãƒ—ãƒ‡ã‚£ã‚¹ãƒ—ãƒ¬ã‚¤ã¤ã‘ã¦ã»ã—ã‹ã£ãŸãª,ãƒ¡ãƒ¼ã‚¿ãƒ¼ã¯å€‹äººçš„ã«è¦‹ã«ãã„ã‹ã‚‰ãƒ˜ãƒƒãƒ‰ã‚¢ãƒƒãƒ—ãƒ‡ã‚£ã‚¹ãƒ—ãƒ¬ã‚¤ã¤ã‘ã¦ã»ã—ã‹ã£ãŸãª,1,2023-02-05T13:52:25Z,2023-02-05T13:52:25Z
ppVPgoiDRdU,ï¼¤ï¼¡ã¯t-conectã‚’å¥‘ç´„ã™ã‚‹ã¨ã‚«ãƒ­ãƒ¼ãƒ©åŒæ§˜ã«ãƒ•ãƒ«ã‚»ã‚°ãŒæ¨™æº–ã§ä»˜ã„ã¦ãã‚‹ã®ã§NHKå—ä¿¡å¥‘ç´„ãŒå¿…è¦ã§ã™ã€‚ãƒ¤ãƒªã‚¹ã®æ§˜ã«ãƒ•ãƒ«ã‚»ã‚°ãŒã‚ªãƒ—ã‚·ãƒ§ãƒ³ã§ã¯ã‚ã‚Šã¾ã›ã‚“ã®ã§ã”æ³¨æ„ãã ã•ã„ã€‚,ï¼¤ï¼¡ã¯t-conectã‚’å¥‘ç´„ã™ã‚‹ã¨ã‚«ãƒ­ãƒ¼ãƒ©åŒæ§˜ã«ãƒ•ãƒ«ã‚»ã‚°ãŒæ¨™æº–ã§ä»˜ã„ã¦ãã‚‹ã®ã§NHKå—ä¿¡å¥‘ç´„ãŒå¿…è¦ã§ã™ã€‚ãƒ¤ãƒªã‚¹ã®æ§˜ã«ãƒ•ãƒ«ã‚»ã‚°ãŒã‚ªãƒ—ã‚·ãƒ§ãƒ³ã§ã¯ã‚ã‚Šã¾ã›ã‚“ã®ã§ã”æ³¨æ„ãã ã•ã„ã€‚,0,2023-01-21T09:05:19Z,2023-01-21T09:05:19Z
ppVPgoiDRdU,æ˜¨æ—¥ã€PHEVã®ä¾¡æ ¼ãŒå…¬è¡¨ã•ã‚Œã¦æ³¨æ–‡ãŒå¯èƒ½ã«ãªã£ãŸã¨ã®ã“ã¨ã§ãƒ‡ã‚£ãƒ¼ãƒ©ãƒ¼ã§æ³¨æ–‡æ›¸ã‚’æ›¸ã„ã¦ãã¾ã—ãŸã‚°ãƒ¬ãƒ¼ãƒ‰ã¯åŸºæœ¬çš„ã«Zãªã®ã§ã™ãŒæ³¨æ–‡ç«¯æœ«ã«ã‚³ãƒã‚¯ãƒ†ã‚£ãƒƒãƒ‰ãƒŠãƒ“ã®ã‚ªãƒ—ã‚·ãƒ§ãƒ³é¸æŠžãŒãªã„ã®ã§ã™æœ€åˆã‹ã‚‰ã‚³ãƒã‚¯ãƒ†ã‚£ãƒƒãƒ‰ãƒŠãƒ“ãŒè¨­å®šæ¸ˆã¿ãªã®ã‹ï¼Ÿã¾ã ã‚«ã‚¿ãƒ­ã‚°ã‚‚ç„¡ã„çŠ¶æ…‹ãªã®ã§æ‹…å½“ã‚‚è§£ã‚‰ãªã„ã¨ã®ã“ã¨æ—©ã‚æ—©ã‚ã«å‹•ã„ã¦ã‚‹ã®ã§PHEVã®æƒ…å ±ãŒæ¬²ã—ã„ã§ã™,"æ˜¨æ—¥ã€PHEVã®ä¾¡æ ¼ãŒå…¬è¡¨ã•ã‚Œã¦æ³¨æ–‡ãŒå¯èƒ½ã«ãªã£ãŸã¨ã®ã“ã¨ã§ãƒ‡ã‚£ãƒ¼ãƒ©ãƒ¼ã§æ³¨æ–‡æ›¸ã‚’æ›¸ã„ã¦ãã¾ã—ãŸ
ã‚°ãƒ¬ãƒ¼ãƒ‰ã¯åŸºæœ¬çš„ã«Zãªã®ã§ã™ãŒ
æ³¨æ–‡ç«¯æœ«ã«ã‚³ãƒã‚¯ãƒ†ã‚£ãƒƒãƒ‰ãƒŠãƒ“ã®ã‚ªãƒ—ã‚·ãƒ§ãƒ³é¸æŠžãŒãªã„ã®ã§ã™
æœ€åˆã‹ã‚‰ã‚³ãƒã‚¯ãƒ†ã‚£ãƒƒãƒ‰ãƒŠãƒ“ãŒè¨­å®šæ¸ˆã¿ãªã®ã‹ï¼Ÿ
ã¾ã ã‚«ã‚¿ãƒ­ã‚°ã‚‚ç„¡ã„çŠ¶æ…‹ãªã®ã§æ‹…å½“ã‚‚è§£ã‚‰ãªã„ã¨ã®ã“ã¨
æ—©ã‚æ—©ã‚ã«å‹•ã„ã¦ã‚‹ã®ã§PHEVã®æƒ…å ±ãŒæ¬²ã—ã„ã§ã™",1,2023-01-21T09:57:07Z,2023-01-21T09:57:07Z
ppVPgoiDRdU,å‚è€ƒã«ãªã‚‹æƒ…å ±ã‚ã‚ŠãŒã¨ã†ã”ã–ã„ã¾ã™ã€‚ã‚«ãƒ¼ãƒŠãƒ“ã«ã¤ã„ã¦ã¯æ­£ç›´ãƒ‡ã‚£ã‚¹ãƒ—ãƒ¬ã‚¤ã‚ªãƒ¼ãƒ‡ã‚£ã‚ªã«ãªã£ãŸæ™‚ç‚¹ã§ä¸è¦ã ãªã¨ã„ã†ã®ãŒå€‹äººçš„ãªæ„Ÿæƒ³ã§ã™ã€‚ç¾åœ¨ãƒ‡ã‚£ã‚¹ãƒ—ãƒ¬ã‚¤ã‚ªãƒ¼ãƒ‡ã‚£ã‚ªè»Šç¨®ã«ä¹—è»Šã—ã¦ã„ã‚‹ã®ã§ã™ã‘ã‚Œã©ã€ã‚«ãƒ¼ãƒŠãƒ“ã‚‚ã¤ã‘ãŸã‚‚ã®ã®æ™®æ®µä½¿ã„ã§ã¯ãã‚‚ãã‚‚å¿…è¦ãªã‚·ãƒ¼ãƒ³ãŒã‚ã‚Šã¾ã›ã‚“ã—ã€ãŸã¾ã«å¿…è¦ã«ãªã‚‹å ´åˆã‚‚CarPlayã§iPhoneã®ãƒŠãƒ“æ©Ÿèƒ½ãŒä½¿ãˆã‚Œã°ååˆ†ã ãªã¨ã„ã†æ„Ÿã˜ã§ã™ã€‚ã‚‚ã¡ã‚ã‚“å°‚ç”¨ã®ã‚«ãƒ¼ãƒŠãƒ“ã®æ–¹ãŒæ©Ÿèƒ½çš„ã«å……å®Ÿã—ã¦ã„ã‚‹ã®ã§ã™ã‘ã‚Œã©ã€ã‚‚ã¯ã‚„ã‚³ã‚¹ãƒ‘çš„ã«å¿…è¦æ€§ã‚’æ„Ÿã˜ãªããªã‚Šã¾ã—ãŸã€‚ãã‚Œãã‚‰ã„CarPlayã®å‡ºæ¥ãŒè‰¯ããªã£ã¦ãã¦ã„ã‚‹ã¨ã„ã†ã“ã¨ãªã®ã‹ã‚‚ã—ã‚Œã¾ã›ã‚“ã‘ã‚Œã©ã€‚,"å‚è€ƒã«ãªã‚‹æƒ…å ±ã‚ã‚ŠãŒã¨ã†ã”ã–ã„ã¾ã™ã€‚
ã‚«ãƒ¼ãƒŠãƒ“ã«ã¤ã„ã¦ã¯æ­£ç›´ãƒ‡ã‚£ã‚¹ãƒ—ãƒ¬ã‚¤ã‚ªãƒ¼ãƒ‡ã‚£ã‚ªã«ãªã£ãŸæ™‚ç‚¹ã§ä¸è¦ã ãªã¨ã„ã†ã®ãŒå€‹äººçš„ãªæ„Ÿæƒ³ã§ã™ã€‚
ç¾åœ¨ãƒ‡ã‚£ã‚¹ãƒ—ãƒ¬ã‚¤ã‚ªãƒ¼ãƒ‡ã‚£ã‚ªè»Šç¨®ã«ä¹—è»Šã—ã¦ã„ã‚‹ã®ã§ã™ã‘ã‚Œã©ã€ã‚«ãƒ¼ãƒŠãƒ“ã‚‚ã¤ã‘ãŸã‚‚ã®ã®æ™®æ®µä½¿ã„ã§ã¯ãã‚‚ãã‚‚å¿…è¦ãªã‚·ãƒ¼ãƒ³ãŒã‚ã‚Šã¾ã›ã‚“ã—ã€ãŸã¾ã«å¿…è¦ã«ãªã‚‹å ´åˆã‚‚CarPlayã§iPhoneã®ãƒŠãƒ“æ©Ÿèƒ½ãŒä½¿ãˆã‚Œã°ååˆ†ã ãªã¨ã„ã†æ„Ÿã˜ã§ã™ã€‚
ã‚‚ã¡ã‚ã‚“å°‚ç”¨ã®ã‚«ãƒ¼ãƒŠãƒ“ã®æ–¹ãŒæ©Ÿèƒ½çš„ã«å……å®Ÿã—ã¦ã„ã‚‹ã®ã§ã™ã‘ã‚Œã©ã€ã‚‚ã¯ã‚„ã‚³ã‚¹ãƒ‘çš„ã«å¿…è¦æ€§ã‚’æ„Ÿã˜ãªããªã‚Šã¾ã—ãŸã€‚
ãã‚Œãã‚‰ã„CarPlayã®å‡ºæ¥ãŒè‰¯ããªã£ã¦ãã¦ã„ã‚‹ã¨ã„ã†ã“ã¨ãªã®ã‹ã‚‚ã—ã‚Œã¾ã›ã‚“ã‘ã‚Œã©ã€‚",0,2023-01-31T05:08:16Z,2023-01-31T05:08:16Z
ppVPgoiDRdU,23å¹´ãƒ¢ãƒ‡ãƒ«ã®ã‚«ãƒ­ãƒ¼ãƒ©ã®æ–¹ãŒãƒ‡ã‚¸ã‚¿ãƒ«ãƒ¡ãƒ¼ã‚¿ãƒ¼ãŒå„ªã‚Œã¦ã‚‹,23å¹´ãƒ¢ãƒ‡ãƒ«ã®ã‚«ãƒ­ãƒ¼ãƒ©ã®æ–¹ãŒãƒ‡ã‚¸ã‚¿ãƒ«ãƒ¡ãƒ¼ã‚¿ãƒ¼ãŒå„ªã‚Œã¦ã‚‹,5,2023-01-26T09:30:34Z,2023-01-26T09:30:34Z
ppVPgoiDRdU,åŸ‹ã‚è¾¼ã¿å¼ã¯ãƒ€ãƒ¡âŒ,åŸ‹ã‚è¾¼ã¿å¼ã¯ãƒ€ãƒ¡âŒ,5,2023-01-28T15:51:21Z,2023-01-28T15:51:21Z
ppVPgoiDRdU,ã‚¿ã‚¤ãƒ¤å¹…ã‚’ç‹­ã‚ã¦ã¾ã§å¤§å£å¾„åŒ–ã®ãƒ¡ãƒªãƒƒãƒˆã¯å°‘ãªã„ã€äº¤æ›æ™‚ã®è² æ‹…å¢—ã€ã‚¿ã‚¤ãƒ¤ã¯17ã‚¤ãƒ³ãƒã§ååˆ†ã€å‰ãƒ¢ãƒ‡ãƒ«ã¯15ã‚¤ãƒ³ãƒã®æ–¹ãŒå¤šã‹ã£ãŸãŒãã‚Œã«é–¢ã—ã¦ã®ä¸æº€ã¯ã‚ã¾ã‚Šèžã‹ãªã„ã€æŽ’æ°—é‡ã‚‚è»Šæ ¼ã‹ã‚‰è¦‹ã¦1800ã§ååˆ†ã€ãƒ•ãƒ­ãƒ³ãƒˆã‚¬ãƒ©ã‚¹å¯éŽãŽã§è¦–ç•ŒãŒæ‚ªã„ã€ä¹—ã‚Šé™ã‚Šã‚‚äººã«ã‚ˆã£ã¦ã¯çª®å±ˆãã†ã€Aãƒ”ãƒ©ãƒ¼ã®æ‰€ã‚‚è¦–ç•ŒãŒæ‚ªã„ã€ãƒ‘ãƒƒã¨è¦‹æ–¬æ–°ã§ã‹ã£ã“ã„ã„ã ã‘ã§æ±ºã‚ã‚‹ã¨å¾Œæ‚”ã™ã‚‹å¯èƒ½æ€§ã‚‚ï¼,ã‚¿ã‚¤ãƒ¤å¹…ã‚’ç‹­ã‚ã¦ã¾ã§å¤§å£å¾„åŒ–ã®ãƒ¡ãƒªãƒƒãƒˆã¯å°‘ãªã„ã€äº¤æ›æ™‚ã®è² æ‹…å¢—ã€ã‚¿ã‚¤ãƒ¤ã¯17ã‚¤ãƒ³ãƒã§ååˆ†ã€å‰ãƒ¢ãƒ‡ãƒ«ã¯15ã‚¤ãƒ³ãƒã®æ–¹ãŒå¤šã‹ã£ãŸãŒãã‚Œã«é–¢ã—ã¦ã®ä¸æº€ã¯ã‚ã¾ã‚Šèžã‹ãªã„ã€æŽ’æ°—é‡ã‚‚è»Šæ ¼ã‹ã‚‰è¦‹ã¦1800ã§ååˆ†ã€ãƒ•ãƒ­ãƒ³ãƒˆã‚¬ãƒ©ã‚¹å¯éŽãŽã§è¦–ç•ŒãŒæ‚ªã„ã€ä¹—ã‚Šé™ã‚Šã‚‚äººã«ã‚ˆã£ã¦ã¯çª®å±ˆãã†ã€Aãƒ”ãƒ©ãƒ¼ã®æ‰€ã‚‚è¦–ç•ŒãŒæ‚ªã„ã€ãƒ‘ãƒƒã¨è¦‹æ–¬æ–°ã§ã‹ã£ã“ã„ã„ã ã‘ã§æ±ºã‚ã‚‹ã¨å¾Œæ‚”ã™ã‚‹å¯èƒ½æ€§ã‚‚ï¼,3,2023-02-27T09:02:24Z,2023-02-27T09:09:54Z
ppVPgoiDRdU,æœ€è¿‘ã®ãƒˆãƒ¨ã‚¿ã¯èµ°ã‚Šã‚’é‡è¦–ã—ã€ç§»ä½ç©ºé–“ã‚’ç–Žã‹ã«ã—ã¦ã„ã‚‹æ„Ÿã˜ãŒã™ã‚‹ã€‚,æœ€è¿‘ã®ãƒˆãƒ¨ã‚¿ã¯èµ°ã‚Šã‚’é‡è¦–ã—ã€ç§»ä½ç©ºé–“ã‚’ç–Žã‹ã«ã—ã¦ã„ã‚‹æ„Ÿã˜ãŒã™ã‚‹ã€‚,1,2023-02-22T04:08:53Z,2023-02-22T04:08:53Z
ppVPgoiDRdU,ãƒ¡ãƒ¼ã‚¿ãƒ¼ãŒå°ã•ãè¦‹ãˆã‚‹(Â´ãƒ»Ï‰ãƒ»ï½€),ãƒ¡ãƒ¼ã‚¿ãƒ¼ãŒå°ã•ãè¦‹ãˆã‚‹(Â´ãƒ»Ï‰ãƒ»ï½€),0,2023-02-05T12:04:36Z,2023-02-05T12:04:36Z
ppVPgoiDRdU,å¿«é©æ€§ã‚„å®‰å…¨æ€§ã‚’çŠ ç‰²ã«ã—ã¦ã‚‚ã€ã‚¹ã‚¿ã‚¤ãƒ«å„ªå…ˆã—ã¦ä¹—ã‚ŠãŸã„äººã¯ä¹—ã‚Œã°è‰¯ã„ã€‚ãŸã ã©ã†è€ƒãˆã¦ã‚‚ãƒ¦ãƒ¼ã‚¶ãƒ¼ã«å„ªã—ã„è»Šã§ã¯ãªã„ã ã‚ã†ã€‚,å¿«é©æ€§ã‚„å®‰å…¨æ€§ã‚’çŠ ç‰²ã«ã—ã¦ã‚‚ã€ã‚¹ã‚¿ã‚¤ãƒ«å„ªå…ˆã—ã¦ä¹—ã‚ŠãŸã„äººã¯ä¹—ã‚Œã°è‰¯ã„ã€‚ãŸã ã©ã†è€ƒãˆã¦ã‚‚ãƒ¦ãƒ¼ã‚¶ãƒ¼ã«å„ªã—ã„è»Šã§ã¯ãªã„ã ã‚ã†ã€‚,1,2023-02-07T14:24:02Z,2023-02-07T14:24:02Z
ppVPgoiDRdU,ãƒˆãƒ¨ã‚¿å¥½ãã«ãŸã¾ãªã‚‰ã„ã ã‚ã†ã‹ã‚‰,ãƒˆãƒ¨ã‚¿å¥½ãã«ãŸã¾ãªã‚‰ã„ã ã‚ã†ã‹ã‚‰,2,2023-02-01T13:47:03Z,2023-02-01T13:47:03Z
ppVPgoiDRdU,æ—©ãã»ã—ã„â•,æ—©ãã»ã—ã„â•,0,2023-02-11T10:28:26Z,2023-02-11T10:28:26Z
ppVPgoiDRdU,è‡ªåˆ†Gã‚°ãƒ¬ãƒ¼ãƒ‰æ³¨æ–‡ã—ã¦ã—ã¾ã£ã¦ã€ã€ãƒŠãƒ“ã¡ã£ã•ã„ã®ã¯å¦¥å”ã—ã¦ãŸã‘ã©æœ‰æ–™ã¯ãƒ‘ãƒ³ãƒ•ãƒ¬ãƒƒãƒˆæ¥ã‚‹ã¾ã§æ°—ã¥ãã¾ã›ã‚“ã§ã—ãŸã‚¹ãƒžãƒ›ã®ãƒŠãƒ“ãƒŸãƒ©ãƒ¼ãƒªãƒ³ã‚°ã§ãã¾ã™ã‹ã­âˆ,"è‡ªåˆ†Gã‚°ãƒ¬ãƒ¼ãƒ‰æ³¨æ–‡ã—ã¦ã—ã¾ã£ã¦ã€ã€ãƒŠãƒ“ã¡ã£ã•ã„ã®ã¯å¦¥å”ã—ã¦ãŸã‘ã©æœ‰æ–™ã¯ãƒ‘ãƒ³ãƒ•ãƒ¬ãƒƒãƒˆæ¥ã‚‹ã¾ã§æ°—ã¥ãã¾ã›ã‚“ã§ã—ãŸ
ã‚¹ãƒžãƒ›ã®ãƒŠãƒ“ãƒŸãƒ©ãƒ¼ãƒªãƒ³ã‚°ã§ãã¾ã™ã‹ã­âˆ",4,2023-01-24T03:53:20Z,2023-01-24T03:53:20Z
ppVPgoiDRdU,é§„ç›®ãªã¨ã“ã‚ä½•ã¦ã€è¨€ã†ã¾ã§ã‚‚ãªãã€æ“ä½œãƒŸã‚¹ã‚’æ‹›ãã ã‘ã®ã‚·ãƒ•ãƒˆãƒ¬ãƒãƒ¼ã¨ã‚¤ãƒ³ãƒ‘ãƒã€‚ãƒ‰ãƒ©ã‚¤ãƒãƒ¼ã€å‘¨ã‚Šã®äººã®ã“ã¨ã‚’ä¸€åˆ‡è€ƒãˆãšã€ãƒ‡ã‚¶ã‚¤ãƒ³é‡è¦–ã€ã‚¨ã‚´ã®å¡Šã®è»Šã€‚,"é§„ç›®ãªã¨ã“ã‚ä½•ã¦ã€è¨€ã†ã¾ã§ã‚‚ãªãã€æ“ä½œãƒŸã‚¹ã‚’æ‹›ãã ã‘ã®ã‚·ãƒ•ãƒˆãƒ¬ãƒãƒ¼ã¨ã‚¤ãƒ³ãƒ‘ãƒã€‚
ãƒ‰ãƒ©ã‚¤ãƒãƒ¼ã€å‘¨ã‚Šã®äººã®ã“ã¨ã‚’ä¸€åˆ‡è€ƒãˆãšã€ãƒ‡ã‚¶ã‚¤ãƒ³é‡è¦–ã€ã‚¨ã‚´ã®å¡Šã®è»Šã€‚",4,2023-01-28T03:23:48Z,2023-01-28T03:23:48Z
ppVPgoiDRdU,ã¨ã‚Šã‚ãˆãšæœªå®Œæˆã§å£²ã£ã¦ãƒžã‚¤ãƒã‚§ãƒ³ã§å®Œæˆã•ã›ã¦ã„ãå£²ã‚Šæ–¹ã„ã„åŠ æ¸›ã‚„ã‚ã¦ã»ã—ã„,ã¨ã‚Šã‚ãˆãšæœªå®Œæˆã§å£²ã£ã¦ãƒžã‚¤ãƒã‚§ãƒ³ã§å®Œæˆã•ã›ã¦ã„ãå£²ã‚Šæ–¹ã„ã„åŠ æ¸›ã‚„ã‚ã¦ã»ã—ã„,2,2023-02-04T00:11:41Z,2023-02-04T00:11:41Z
ppVPgoiDRdU,é›¨ã®æ—¥ã®å¤œã®ã€Œæœ‰è¦–ç•Œãƒãƒƒã‚¯ã€ã¯å¤§å¤‰ãã†ã ã€‚ãƒ—ãƒªã‚¦ã‚¹ã«ã€Œé«˜ç´šæ„Ÿã€æ±‚ã‚ã‚‹ã®ã¯ç„¡ç†ã€‚å¤§è¡†è»Šã ã‹ã‚‰ã€‚,"é›¨ã®æ—¥ã®å¤œã®ã€Œæœ‰è¦–ç•Œãƒãƒƒã‚¯ã€ã¯å¤§å¤‰ãã†ã ã€‚
ãƒ—ãƒªã‚¦ã‚¹ã«ã€Œé«˜ç´šæ„Ÿã€æ±‚ã‚ã‚‹ã®ã¯ç„¡ç†ã€‚
å¤§è¡†è»Šã ã‹ã‚‰ã€‚",4,2023-01-29T02:23:01Z,2023-01-29T02:24:55Z
ppVPgoiDRdU,è²©å£²ã®ã‚¿ãƒ¼ã‚²ãƒƒãƒˆãŒé«˜é½¢è€…ã ã¨æ€ã†ã‚ˆã€‚ãƒŠãƒ“ã¯ã‚‚ãŸã¤ã„ã¦ã‚‚æ–‡å¥ãŒå‡ºãªã„ã€æ–™é‡‘ãŒç™ºç”Ÿã—ã¦ã‚‚ä»•æ–¹ãªã„ã¨æ‰•ã£ã¦ãã‚Œã‚‹ã€‚ãƒ¡ãƒ¼ã‚¿ãƒ¼ã¯å…ƒã€…è¦‹ãªã„ã‹ã‚‰bz4xã®ä½™ã‚Šã‚’ä»˜ã‘ã‚‰ã‚Œã¦è¦‹é›£ãã¦ã‚‚å•é¡Œãªã„ã¨ã„ã£ãŸåˆ¤æ–­ã ã¨æ€ã†ã€‚è‹¥ã„äººã«ã¯ç‰©è¶³ã‚Šãªã„ã®ã«è£…å‚™ãŒè²§å¼±ã§é«˜ä¾¡ã€‚è²·ã‚ãªã„ã‚ˆã“ã‚“ãªã®ã€‚,è²©å£²ã®ã‚¿ãƒ¼ã‚²ãƒƒãƒˆãŒé«˜é½¢è€…ã ã¨æ€ã†ã‚ˆã€‚ãƒŠãƒ“ã¯ã‚‚ãŸã¤ã„ã¦ã‚‚æ–‡å¥ãŒå‡ºãªã„ã€æ–™é‡‘ãŒç™ºç”Ÿã—ã¦ã‚‚ä»•æ–¹ãªã„ã¨æ‰•ã£ã¦ãã‚Œã‚‹ã€‚ãƒ¡ãƒ¼ã‚¿ãƒ¼ã¯å…ƒã€…è¦‹ãªã„ã‹ã‚‰bz4xã®ä½™ã‚Šã‚’ä»˜ã‘ã‚‰ã‚Œã¦è¦‹é›£ãã¦ã‚‚å•é¡Œãªã„ã¨ã„ã£ãŸåˆ¤æ–­ã ã¨æ€ã†ã€‚è‹¥ã„äººã«ã¯ç‰©è¶³ã‚Šãªã„ã®ã«è£…å‚™ãŒè²§å¼±ã§é«˜ä¾¡ã€‚è²·ã‚ãªã„ã‚ˆã“ã‚“ãªã®ã€‚,3,2023-02-03T20:05:48Z,2023-02-03T20:05:48Z
ppVPgoiDRdU,ã“ã®UIã¯ç„¡ã„ã‚ãƒ™ã‚¼ãƒ«ã®å¹…ã‚‚,"ã“ã®UIã¯ç„¡ã„ã‚
ãƒ™ã‚¼ãƒ«ã®å¹…ã‚‚",3,2023-02-03T16:58:49Z,2023-02-03T16:58:49Z
ppVPgoiDRdU,å±‹æ ¹ä½Žãã¦ä¹—ã‚Šé™ã‚Šã—ã«ãã„ã€‚,å±‹æ ¹ä½Žãã¦ä¹—ã‚Šé™ã‚Šã—ã«ãã„ã€‚,3,2023-02-01T18:34:19Z,2023-02-01T18:34:19Z
ppVPgoiDRdU,ä»Šä¹—ã£ã¦ã„ã‚‹ãƒ—ãƒªã‚¦ã‚¹ã¯å·¦å³ç‹¬ç«‹ã‚¨ã‚¢ã‚³ãƒ³ã§ã™ãŒæœ¬å½“ã«å¯’ã„æœã¯ä¸€äººã§ä¹—ã‚‹ã¨ç‰‡æ–¹ã ã‘ã—ã‹æš–æ°—ãŒå‡ºãªã„ã‹ã‚‰å¯’ã„ã€‚ãƒŠãƒ“ã­ãƒ¼ã€‚ãŸã¾ã«ã—ã‹ä½¿ã‚ãªã„ã‹ã‚‰ã­ãƒ¼ã€‚å°ã•ã„ãƒ¢ãƒ‹ã‚¿ãƒ¼ã§ååˆ†ã ã€‚ã‚€ã—ã‚ç‹­ã™ãŽã‚‹é“ã«ãƒŠãƒ“ã•ã‚Œã¦ã“ã¾ã£ãŸã“ã¨ã‚‚ä½•å›žã‹ã‚ã£ãŸã­ãƒ¼ã€‚æ˜¨ä»Šã¯ã‚¹ãƒžãƒ›ã®ãƒŠãƒ“ã‚’ä½¿ã£ã¦ã„ã‚‹äººã‚‚ã‚ã‚‹ç¨‹åº¦ã„ã‚‹ã¿ãŸã„ã ã€‚å¾Œå¸­ã®ãƒ‰ã‚¢ãƒãƒ³ãƒ‰ãƒ«ã¯é€šå¸¸åž‹ã‚’ãƒãƒ©ãƒ³ã‚¹è‰¯ãã¤ã‘ãŸã»ã†ãŒè‰¯ã•ãã†ã«æ€ã†ãªã€‚éŸ³æ¥½ã¯SDãŒä½¿ãˆãªã„ã®ã¯æ®‹å¿µã ã€‚ã¾ãŸã‚„ã‚Šç›´ã—ã‹ðŸ˜µ,ä»Šä¹—ã£ã¦ã„ã‚‹ãƒ—ãƒªã‚¦ã‚¹ã¯å·¦å³ç‹¬ç«‹ã‚¨ã‚¢ã‚³ãƒ³ã§ã™ãŒæœ¬å½“ã«å¯’ã„æœã¯ä¸€äººã§ä¹—ã‚‹ã¨ç‰‡æ–¹ã ã‘ã—ã‹æš–æ°—ãŒå‡ºãªã„ã‹ã‚‰å¯’ã„ã€‚ãƒŠãƒ“ã­ãƒ¼ã€‚ãŸã¾ã«ã—ã‹ä½¿ã‚ãªã„ã‹ã‚‰ã­ãƒ¼ã€‚å°ã•ã„ãƒ¢ãƒ‹ã‚¿ãƒ¼ã§ååˆ†ã ã€‚ã‚€ã—ã‚ç‹­ã™ãŽã‚‹é“ã«ãƒŠãƒ“ã•ã‚Œã¦ã“ã¾ã£ãŸã“ã¨ã‚‚ä½•å›žã‹ã‚ã£ãŸã­ãƒ¼ã€‚æ˜¨ä»Šã¯ã‚¹ãƒžãƒ›ã®ãƒŠãƒ“ã‚’ä½¿ã£ã¦ã„ã‚‹äººã‚‚ã‚ã‚‹ç¨‹åº¦ã„ã‚‹ã¿ãŸã„ã ã€‚å¾Œå¸­ã®ãƒ‰ã‚¢ãƒãƒ³ãƒ‰ãƒ«ã¯é€šå¸¸åž‹ã‚’ãƒãƒ©ãƒ³ã‚¹è‰¯ãã¤ã‘ãŸã»ã†ãŒè‰¯ã•ãã†ã«æ€ã†ãªã€‚éŸ³æ¥½ã¯SDãŒä½¿ãˆãªã„ã®ã¯æ®‹å¿µã ã€‚ã¾ãŸã‚„ã‚Šç›´ã—ã‹ðŸ˜µ,6,2023-01-23T11:23:25Z,2023-01-23T11:23:25Z
ppVPgoiDRdU,5ä»£ç›®ãƒ—ãƒªã‚¦ã‚¹ã¯ç‡ƒè²»è¿½æ±‚ã‚„ã‚ãŸã€‚ä»Šã¯ç‡ƒè²»ã¯ãƒ¤ãƒªã‚¹ã‚„ã€ã‚¢ã‚¯ã‚¢ã®ã»ã†ãŒã„ã„ã€‚,5ä»£ç›®ãƒ—ãƒªã‚¦ã‚¹ã¯ç‡ƒè²»è¿½æ±‚ã‚„ã‚ãŸã€‚ä»Šã¯ç‡ƒè²»ã¯ãƒ¤ãƒªã‚¹ã‚„ã€ã‚¢ã‚¯ã‚¢ã®ã»ã†ãŒã„ã„ã€‚,1,2023-02-04T00:35:41Z,2023-02-04T00:35:41Z
ppVPgoiDRdU,ä¿ºã¯è²·ã‚ãªã„ã­ðŸ˜®å†…è£…ãŒä»Šã‚¤ãƒã ã—ã€ãƒ©ã‚¤ãƒˆãŒã©ã†ã¿ã¦ã‚‚ãƒ•ã‚§ãƒ©ãƒ¼ãƒªã ã‚ˆâ—ï¸ã‚„ãï¼”ï¼ï¼ä¸‡ã¯ã€ã‚“ãƒ¼ã¦æ„Ÿã˜â‰ï¸,ä¿ºã¯è²·ã‚ãªã„ã­ðŸ˜®å†…è£…ãŒä»Šã‚¤ãƒã ã—ã€ãƒ©ã‚¤ãƒˆãŒã©ã†ã¿ã¦ã‚‚ãƒ•ã‚§ãƒ©ãƒ¼ãƒªã ã‚ˆâ—ï¸ã‚„ãï¼”ï¼ï¼ä¸‡ã¯ã€ã‚“ãƒ¼ã¦æ„Ÿã˜â‰ï¸,2,2023-02-15T03:53:10Z,2023-02-15T03:53:10Z
ppVPgoiDRdU,ãƒ¡ãƒ¼ã‚¿ãƒ¼ã²ã©ã„ãª,ãƒ¡ãƒ¼ã‚¿ãƒ¼ã²ã©ã„ãª,2,2023-02-06T13:34:49Z,2023-02-06T13:34:49Z
ppVPgoiDRdU,ãƒžã‚¸ã‚«ãƒƒã‚³ã„ã„ðŸ˜‚âœŒï¸ðŸš™ç´è»Šã¾ã§ï¼‘å¹´ã ã¨ðŸ˜‚âœ‹ðŸš™,ãƒžã‚¸ã‚«ãƒƒã‚³ã„ã„ðŸ˜‚âœŒï¸ðŸš™ç´è»Šã¾ã§ï¼‘å¹´ã ã¨ðŸ˜‚âœ‹ðŸš™,1,2023-02-01T23:50:23Z,2023-02-01T23:50:23Z
ppVPgoiDRdU,ãƒˆãƒ¨ã‚¿ã«å†…è£…æ±‚ã‚ãŸã‚‰ã‚ã‹ã‚“ã€‚ã‚³ã‚¹ãƒˆã‚«ãƒƒãƒˆã—ã‹è€ƒãˆã¦ãªã„ã‘ã‚“ã­,ãƒˆãƒ¨ã‚¿ã«å†…è£…æ±‚ã‚ãŸã‚‰ã‚ã‹ã‚“ã€‚ã‚³ã‚¹ãƒˆã‚«ãƒƒãƒˆã—ã‹è€ƒãˆã¦ãªã„ã‘ã‚“ã­,9,2023-01-24T08:31:40Z,2023-01-24T08:31:40Z
ppVPgoiDRdU,ç¢ºã‹ã«è¡¨ç¤ºã‚·ãƒ§ãƒœã„ã§ã™ã­å‡„ãã‚«ãƒƒã‚³è‰¯ã„è¨´æ±‚åŠ›æŠœç¾¤ãªã®ã«ã“ã‚Œã¯æ®‹å¿µ,"ç¢ºã‹ã«è¡¨ç¤ºã‚·ãƒ§ãƒœã„ã§ã™ã­
å‡„ãã‚«ãƒƒã‚³è‰¯ã„è¨´æ±‚åŠ›æŠœç¾¤ãªã®ã«
ã“ã‚Œã¯æ®‹å¿µ",2,2023-02-02T03:22:08Z,2023-02-02T03:22:08Z
ppVPgoiDRdU,Beau,Beau,1,2023-01-20T14:14:54Z,2023-01-20T14:14:54Z
ppVPgoiDRdU,å‹•ç”»æ‹è¦‹ã•ã›ã¦ã„ãŸã ãã¾ã—ãŸã€‚ä»Šå›žå‹•ç”»å†…ã§æŒ™ã’ã¦ã„ãŸãƒžã‚¤ãƒŠã‚¹ç‚¹ã€è‡ªåˆ†ã¯æ­£ç›´å…¨éƒ¨ãƒžã‚¤ãƒŠã‚¹ã«æ„Ÿã˜ãªã‹ã£ãŸã§ã™ã€‚ã‚‚ã¡ã‚ã‚“æ„è¦‹ã¯äººãã‚Œãžã‚Œé•ã„ã¾ã™ãŒâ€¦å‹•ç”»å†…ã§ã€Œãƒ—ãƒªã‚¦ã‚¹ã¯è‰²ã‚“ãªäººãŒä¹—ã‚‹ã®ã§ã€œã€ã£ã¨è¨€ã£ã¦ã„ã¾ã™ãŒã€ãƒˆãƒ¨ã‚¿ã¯ä»Šå›žã®æ–°åž‹ãƒ—ãƒªã‚¦ã‚¹ã¯ã‚ã–ã¨ä½¿ã„å‹æ‰‹ã‚’æ‚ªãã—ãŸã‚Šã—ã¦ãƒ¦ãƒ¼ã‚¶ãƒ¼ã®ã‚¿ãƒ¼ã‚²ãƒƒãƒˆå±¤ã‚’ç‹­ãã—ã¦ã„ã‚‹ã‚“ã˜ã‚ƒãªã„ã‹ã¨æ€ã£ã¦ã„ã¾ã™ã€‚ã€Œæœ€å…ˆç«¯ã®ã‚¨ã‚³ã‚«ãƒ¼ã€ã¨ã„ã†ã‚¤ãƒ¡ãƒ¼ã‚¸ã‚ˆã‚Šè¿‘å¹´ã¯ã€Œãƒ—ãƒªã‚¦ã‚¹ãƒŸã‚µã‚¤ãƒ«ã€ã«æ¶æ„ã•ã‚Œã‚‹ã‚ˆã†ãªæ‚ªã„ã‚¤ãƒ¡ãƒ¼ã‚¸ãŒãƒ—ãƒªã‚¦ã‚¹ã«ã¯ã¤ã„ã¦ã—ã¾ã£ã¦ã„ã‚‹ã¨æ€ã„ã¾ã™ã€‚ãã†ã„ã£ãŸã‚¤ãƒ¡ãƒ¼ã‚¸ã®è„±å´ã¨æˆç†Ÿã—ãŸãƒã‚¤ãƒ–ãƒªãƒƒãƒ‰æŠ€è¡“ã®ä¸­ã§ä»Šå›žã¯èµ°ã‚Šã‚„ãƒ‡ã‚¶ã‚¤ãƒ³ã«ã“ã ã‚ã£ã¦ã¿ã‚ˆã†ã¨ã—ã¦ã„ã‚‹é¢¨ã«æ„Ÿã˜ã¾ã—ãŸã€‚ä»Šã®ãƒˆãƒ¨ã‚¿è»Šã¯æ®†ã©ãŒãƒã‚¤ãƒ–ãƒªãƒƒãƒˆãƒ¢ãƒ‡ãƒ«ã‚‚ã‚ã‚Šã¾ã™ã—ã€åŒã˜Cã‚»ã‚°ãƒ¡ãƒ³ãƒˆã®ã‚«ãƒ­ãƒ¼ãƒ©ã‚‚ã‚ã‚‹ã®ã§ã€å¤§è¡†å‘ã‘ã¯ã‚«ãƒ­ãƒ¼ãƒ©ã€èµ°ã‚Šã‚„ãƒ‡ã‚¶ã‚¤ãƒ³é‡è¦–ã¯ãƒ—ãƒªã‚¦ã‚¹ã¿ãŸã„ã«ã‚·ãƒ•ãƒˆã—ãŸã¨æ€ã£ã¦ã„ã¾ã™ã€‚,"å‹•ç”»æ‹è¦‹ã•ã›ã¦ã„ãŸã ãã¾ã—ãŸã€‚ä»Šå›žå‹•ç”»å†…ã§æŒ™ã’ã¦ã„ãŸãƒžã‚¤ãƒŠã‚¹ç‚¹ã€è‡ªåˆ†ã¯æ­£ç›´å…¨éƒ¨ãƒžã‚¤ãƒŠã‚¹ã«æ„Ÿã˜ãªã‹ã£ãŸã§ã™ã€‚ã‚‚ã¡ã‚ã‚“æ„è¦‹ã¯äººãã‚Œãžã‚Œé•ã„ã¾ã™ãŒâ€¦
å‹•ç”»å†…ã§ã€Œãƒ—ãƒªã‚¦ã‚¹ã¯è‰²ã‚“ãªäººãŒä¹—ã‚‹ã®ã§ã€œã€ã£ã¨è¨€ã£ã¦ã„ã¾ã™ãŒã€ãƒˆãƒ¨ã‚¿ã¯ä»Šå›žã®æ–°åž‹ãƒ—ãƒªã‚¦ã‚¹ã¯ã‚ã–ã¨ä½¿ã„å‹æ‰‹ã‚’æ‚ªãã—ãŸã‚Šã—ã¦ãƒ¦ãƒ¼ã‚¶ãƒ¼ã®ã‚¿ãƒ¼ã‚²ãƒƒãƒˆå±¤ã‚’ç‹­ãã—ã¦ã„ã‚‹ã‚“ã˜ã‚ƒãªã„ã‹ã¨æ€ã£ã¦ã„ã¾ã™ã€‚ã€Œæœ€å…ˆç«¯ã®ã‚¨ã‚³ã‚«ãƒ¼ã€ã¨ã„ã†ã‚¤ãƒ¡ãƒ¼ã‚¸ã‚ˆã‚Šè¿‘å¹´ã¯ã€Œãƒ—ãƒªã‚¦ã‚¹ãƒŸã‚µã‚¤ãƒ«ã€ã«æ¶æ„ã•ã‚Œã‚‹ã‚ˆã†ãªæ‚ªã„ã‚¤ãƒ¡ãƒ¼ã‚¸ãŒãƒ—ãƒªã‚¦ã‚¹ã«ã¯ã¤ã„ã¦ã—ã¾ã£ã¦ã„ã‚‹ã¨æ€ã„ã¾ã™ã€‚ãã†ã„ã£ãŸã‚¤ãƒ¡ãƒ¼ã‚¸ã®è„±å´ã¨æˆç†Ÿã—ãŸãƒã‚¤ãƒ–ãƒªãƒƒãƒ‰æŠ€è¡“ã®ä¸­ã§ä»Šå›žã¯èµ°ã‚Šã‚„ãƒ‡ã‚¶ã‚¤ãƒ³ã«ã“ã ã‚ã£ã¦ã¿ã‚ˆã†ã¨ã—ã¦ã„ã‚‹é¢¨ã«æ„Ÿã˜ã¾ã—ãŸã€‚
ä»Šã®ãƒˆãƒ¨ã‚¿è»Šã¯æ®†ã©ãŒãƒã‚¤ãƒ–ãƒªãƒƒãƒˆãƒ¢ãƒ‡ãƒ«ã‚‚ã‚ã‚Šã¾ã™ã—ã€åŒã˜Cã‚»ã‚°ãƒ¡ãƒ³ãƒˆã®ã‚«ãƒ­ãƒ¼ãƒ©ã‚‚ã‚ã‚‹ã®ã§ã€å¤§è¡†å‘ã‘ã¯ã‚«ãƒ­ãƒ¼ãƒ©ã€èµ°ã‚Šã‚„ãƒ‡ã‚¶ã‚¤ãƒ³é‡è¦–ã¯ãƒ—ãƒªã‚¦ã‚¹ã¿ãŸã„ã«ã‚·ãƒ•ãƒˆã—ãŸã¨æ€ã£ã¦ã„ã¾ã™ã€‚",7,2023-01-24T11:43:13Z,2023-01-24T11:43:13Z
ppVPgoiDRdU,6:02 èª°ã ã‚ˆã€‚ã“ã®ã‚„ã‚‹æ°—ã®ãªã„ãƒ‡ã‚¶ã‚¤ãƒ³ã—ãŸå¥´ã¯ã€‚,6:02 èª°ã ã‚ˆã€‚ã“ã®ã‚„ã‚‹æ°—ã®ãªã„ãƒ‡ã‚¶ã‚¤ãƒ³ã—ãŸå¥´ã¯ã€‚,7,2023-01-25T04:11:01Z,2023-01-25T04:11:01Z
ppVPgoiDRdU,ã“ã®ãƒ—ãƒªã‚¦ã‚¹ã£ã¦ãƒ–ãƒ¬ãƒ¼ã‚­ã¤ã„ã¦ã¾ã™ã‹ï¼Ÿ,ã“ã®ãƒ—ãƒªã‚¦ã‚¹ã£ã¦ãƒ–ãƒ¬ãƒ¼ã‚­ã¤ã„ã¦ã¾ã™ã‹ï¼Ÿ,6,2023-02-01T03:49:53Z,2023-02-01T03:49:53Z
ppVPgoiDRdU,ãƒ—ãƒªã‚¦ã‚¹ãƒŸã‚µã‚¤ãƒ«ã€€ã‚¹ãƒãƒ¼ãƒ„ãƒ‘ãƒƒã‚±ãƒ¼ã‚¸ã€‚,ãƒ—ãƒªã‚¦ã‚¹ãƒŸã‚µã‚¤ãƒ«ã€€ã‚¹ãƒãƒ¼ãƒ„ãƒ‘ãƒƒã‚±ãƒ¼ã‚¸ã€‚,3,2023-01-30T05:29:17Z,2023-01-30T05:29:17Z
ppVPgoiDRdU,ãƒ‡ã‚¶ã‚¤ãƒ³ã€ãƒ•ãƒ­ãƒ³ãƒˆã¯ã‹ã£ã“ã„ã„ã‚“ã ã‘ã©ãƒªã‚¢ãŒçµ‚ã‚ã£ã¦ã‚‹ã€‚ã€‚ã€‚ãƒ‡ã‚¶ã‚¤ãƒŠãƒ¼ã®ã‚»ãƒ³ã‚¹ã‚’ç–‘ã„ã¾ã™ã€‚ã€‚ã€‚,"ãƒ‡ã‚¶ã‚¤ãƒ³ã€ãƒ•ãƒ­ãƒ³ãƒˆã¯ã‹ã£ã“ã„ã„ã‚“ã ã‘ã©ãƒªã‚¢ãŒçµ‚ã‚ã£ã¦ã‚‹ã€‚ã€‚ã€‚
ãƒ‡ã‚¶ã‚¤ãƒŠãƒ¼ã®ã‚»ãƒ³ã‚¹ã‚’ç–‘ã„ã¾ã™ã€‚ã€‚ã€‚",4,2023-02-05T15:28:58Z,2023-02-05T15:28:58Z
ppVPgoiDRdU,ãã‚‚ãã‚‚ãƒŠãƒ“ãªã©ã‚¹ãƒžãƒ›ã‚ã‚‹ã‹ã‚‰ã„ã‚‰ãªã„ã€‚ãƒãƒƒã‚¯ãƒ¢ãƒ‹ã‚¿ãƒ¼ãã‚‰ã„ã§ã„ã„ã€‚èµ°è¡Œä¸­ã«ãƒ†ãƒ¬ãƒ“è¦‹ã‚Œã‚‹ã‚ˆã†ã«ã—ã¨ã„ã¦ã»ã—ã„ã€‚é•æ³•ã§ã¯ãªã„ã‚“ã ã—ã€‚ã‚ã¨ã€ãƒ—ãƒªã‚¦ã‚¹ãªã‚“ã¦å¹´å¯„ã‚Šã€ãƒŸã‚µã‚¤ãƒ«ã ã¨ä»Šã¾ã§å¤šãã®è‹¥ã„äººã¯è¦‹å‘ãã‚‚ã—ãªã‹ã£ãŸã‚“ã ã‹ã‚‰æ–‡å¥ãªã„ã€‚ä¹—ã‚ŠãŸã„äººãŒä¹—ã‚Œã°ã„ã„ã€‚ã“ã®å‹•ç”»ã®ä¸»ã¯ã—ã‚‡ã›ã‚“ãƒ—ãƒªã‚¦ã‚¹ã«ã„ã£ãŸã„ä½•ã‚’æ±‚ã‚ã¦ã‚‹ã‚“ã ã‚ã†ï¼Ÿ,ãã‚‚ãã‚‚ãƒŠãƒ“ãªã©ã‚¹ãƒžãƒ›ã‚ã‚‹ã‹ã‚‰ã„ã‚‰ãªã„ã€‚ãƒãƒƒã‚¯ãƒ¢ãƒ‹ã‚¿ãƒ¼ãã‚‰ã„ã§ã„ã„ã€‚èµ°è¡Œä¸­ã«ãƒ†ãƒ¬ãƒ“è¦‹ã‚Œã‚‹ã‚ˆã†ã«ã—ã¨ã„ã¦ã»ã—ã„ã€‚é•æ³•ã§ã¯ãªã„ã‚“ã ã—ã€‚ã‚ã¨ã€ãƒ—ãƒªã‚¦ã‚¹ãªã‚“ã¦å¹´å¯„ã‚Šã€ãƒŸã‚µã‚¤ãƒ«ã ã¨ä»Šã¾ã§å¤šãã®è‹¥ã„äººã¯è¦‹å‘ãã‚‚ã—ãªã‹ã£ãŸã‚“ã ã‹ã‚‰æ–‡å¥ãªã„ã€‚ä¹—ã‚ŠãŸã„äººãŒä¹—ã‚Œã°ã„ã„ã€‚ã“ã®å‹•ç”»ã®ä¸»ã¯ã—ã‚‡ã›ã‚“ãƒ—ãƒªã‚¦ã‚¹ã«ã„ã£ãŸã„ä½•ã‚’æ±‚ã‚ã¦ã‚‹ã‚“ã ã‚ã†ï¼Ÿ,1,2023-02-03T14:30:41Z,2023-02-03T14:30:41Z
ppVPgoiDRdU,è²·ã†ãƒ¤ãƒ„ã®å…¨ã¦ãŒæ®‹å¿µâ€¼ï¸,è²·ã†ãƒ¤ãƒ„ã®å…¨ã¦ãŒæ®‹å¿µâ€¼ï¸,6,2023-01-29T13:45:03Z,2023-01-29T13:45:03Z
ppVPgoiDRdU,ã•ã™ãŒæ‚ªå¾³ä¼æ¥­ãƒˆãƒ¨ã‚¿ï½—,ã•ã™ãŒæ‚ªå¾³ä¼æ¥­ãƒˆãƒ¨ã‚¿ï½—,5,2023-01-21T12:50:40Z,2023-01-21T12:50:40Z
